Country,Rank,Account,Title,Link,Subscribers count,Views avg.,Likes avg.,Comments avg.,Shares avg.,Scraped
All,181,samkamusic,INSTASAMKA,https://www.tiktok.com/@samkamusic,11700000.0,4700000.0,548000.0,5000.0,3500.0,2022-02-07 16:54:35.641971
All,199,prillylatuconsina15,prilly latuconsina,https://www.tiktok.com/@prillylatuconsina15,6000000.0,3700000.0,520500.0,3600.0,6100.0,2022-02-07 16:54:35.641971
All,203,ynchq,–ØN,https://www.tiktok.com/@ynchq,3000000.0,4100000.0,613300.0,2700.0,4200.0,2022-02-07 16:54:35.641971
All,211,sergioramos,Sergio Ramos,https://www.tiktok.com/@sergioramos,9200000.0,4400000.0,514900.0,6000.0,1100.0,2022-02-07 16:54:35.641971
All,229,championsleague,Champions League,https://www.tiktok.com/@championsleague,8700000.0,3900000.0,540200.0,3400.0,3500.0,2022-02-07 16:54:35.641971
All,236,oliviagobrien,liv,https://www.tiktok.com/@oliviagobrien,1400000.0,3500000.0,607000.0,4000.0,2500.0,2022-02-07 16:54:35.641971
All,239,daregularsauce,DaRegularSauce,https://www.tiktok.com/@daregularsauce,839500.0,2800000.0,545700.0,4900.0,3700.0,2022-02-07 16:54:35.641971
All,248,francoescamillaofficial,Franco Escamilla,https://www.tiktok.com/@francoescamillaofficial,10900000.0,3800000.0,497900.0,762.0,5800.0,2022-02-07 16:54:35.641971
All,249,honeybobabear,HoneyBobaBear,https://www.tiktok.com/@honeybobabear,7200000.0,5200000.0,620000.0,3000.0,823.0,2022-02-07 16:54:35.641971
All,251,nikkietutorials,nikkietutorials,https://www.tiktok.com/@nikkietutorials,4800000.0,4100000.0,628300.0,3200.0,1600.0,2022-02-07 16:54:35.641971
All,255,jbdjebb,Jean-Baptiste Djebbari,https://www.tiktok.com/@jbdjebb,810000.0,2800000.0,486700.0,6800.0,2200.0,2022-02-07 16:54:35.641971
All,258,rud.petruchi,RA‚Ñ¢,https://www.tiktok.com/@rud.petruchi,178300.0,3300000.0,459500.0,3200.0,4600.0,2022-02-07 16:54:35.641971
All,259,vhongx44,Vhong Navarro,https://www.tiktok.com/@vhongx44,5100000.0,4800000.0,524800.0,2700.0,2000.0,2022-02-07 16:54:35.641971
All,260,jeffthekiller_xd1,jeff the killer üî™üñ§,https://www.tiktok.com/@jeffthekiller_xd1,592800.0,2900000.0,439500.0,6100.0,3100.0,2022-02-07 16:54:35.641971
All,261,antonioslimgovea,antonioslimgovea,https://www.tiktok.com/@antonioslimgovea,7100000.0,3200000.0,459600.0,1700.0,6200.0,2022-02-07 16:54:35.641971
All,262,rayssabuq,Rayssa Buq,https://www.tiktok.com/@rayssabuq,5000000.0,3000000.0,403000.0,5300.0,4200.0,2022-02-07 16:54:35.641971
All,264,tommyinnit,Tommy,https://www.tiktok.com/@tommyinnit,11200000.0,2400000.0,524700.0,7000.0,2000.0,2022-02-07 16:54:35.641971
All,268,dovecameron,Dove Cameron,https://www.tiktok.com/@dovecameron,7300000.0,2400000.0,588500.0,6400.0,1400.0,2022-02-07 16:54:35.641971
All,269,pollerocho,pollerocho,https://www.tiktok.com/@pollerocho,2600000.0,3200000.0,429500.0,1600.0,6500.0,2022-02-07 16:54:35.641971
All,272,sabrinacarpenter,Sabrina Carpenter,https://www.tiktok.com/@sabrinacarpenter,11700000.0,3700000.0,474600.0,4400.0,1900.0,2022-02-07 16:54:35.641971
All,276,limeu,LIMEU,https://www.tiktok.com/@limeu,615600.0,2700000.0,456700.0,2500.0,6000.0,2022-02-07 16:54:35.641971
All,277,official_kep1er,Kep1er,https://www.tiktok.com/@official_kep1er,2800000.0,3300000.0,489700.0,3900.0,2700.0,2022-02-07 16:54:35.641971
All,278,rodezel,rodezel,https://www.tiktok.com/@rodezel,1200000.0,2700000.0,497000.0,3400.0,4500.0,2022-02-07 16:54:35.641971
All,281,rachaeloneil,Rachael O'Neil,https://www.tiktok.com/@rachaeloneil,907500.0,2800000.0,511500.0,3500.0,3800.0,2022-02-07 16:54:35.641971
All,282,jacksepticeye,Jacksepticeye,https://www.tiktok.com/@jacksepticeye,3600000.0,2700000.0,486000.0,5400.0,2400.0,2022-02-07 16:54:35.641971
All,284,hmg....4,fourhmg,https://www.tiktok.com/@hmg....4,1700000.0,2700000.0,312200.0,5700.0,6400.0,2022-02-07 16:54:35.641971
All,285,hannahowo6669,hannah‚ô°,https://www.tiktok.com/@hannahowo6669,5400000.0,3100000.0,344400.0,5100.0,4600.0,2022-02-07 16:54:35.641971
All,286,jdiasss_,Jo√£o Dias,https://www.tiktok.com/@jdiasss_,6800000.0,2800000.0,502800.0,4900.0,2300.0,2022-02-07 16:54:35.641971
All,288,edgardumali,Choox TV,https://www.tiktok.com/@edgardumali,7400000.0,3300000.0,385000.0,5700.0,2200.0,2022-02-07 16:54:35.641971
All,290,jombospice,JOMBOSPICE,https://www.tiktok.com/@jombospice,6700000.0,3000000.0,348700.0,7000.0,2800.0,2022-02-07 16:54:35.641971
All,293,laurahfritz,laura & lena,https://www.tiktok.com/@laurahfritz,2400000.0,3100000.0,522000.0,2200.0,4000.0,2022-02-07 16:54:35.641971
All,298,fadlyfsl_,band1t üêê,https://www.tiktok.com/@fadlyfsl_,2100000.0,4700000.0,531700.0,2800.0,1200.0,2022-02-07 16:54:35.641971
All,299,astrofalls_,astrofalls,https://www.tiktok.com/@astrofalls_,1500000.0,2000000.0,504300.0,6200.0,3100.0,2022-02-07 16:54:35.641971
All,301,lisav_,–Ω—É –ª–∏–∑,https://www.tiktok.com/@lisav_,1800000.0,2600000.0,541700.0,2900.0,3900.0,2022-02-07 16:54:35.641971
All,302,michou_yt,Michou,https://www.tiktok.com/@michou_yt,6300000.0,3900000.0,515200.00000000006,3400.0,1300.0,2022-02-07 16:54:35.641971
All,303,siscakohl,Sisca Kohl,https://www.tiktok.com/@siscakohl,10000000.0,3900000.0,370600.0,5300.0,1100.0,2022-02-07 16:54:35.641971
All,306,ratuauliaa22,ratuauliatp,https://www.tiktok.com/@ratuauliaa22,11600000.0,3400000.0,398600.0,5400.0,1400.0,2022-02-07 16:54:35.641971
All,309,ayuwisya666,ayuwisya,https://www.tiktok.com/@ayuwisya666,1500000.0,3200000.0,380500.0,6300.0,1200.0,2022-02-07 16:54:35.641971
All,311,dilanjaniyar,Emang namanya Dilan,https://www.tiktok.com/@dilanjaniyar,1500000.0,4200000.0,499300.0,3600.0,722.0,2022-02-07 16:54:35.641971
All,318,brentfordfc,Brentford FC,https://www.tiktok.com/@brentfordfc,762600.0,2600000.0,308200.0,6500.0,4500.0,2022-02-07 16:54:35.641971
All,319,codenamejesse,Jesse Hill,https://www.tiktok.com/@codenamejesse,1300000.0,2700000.0,491700.0,3300.0,3300.0,2022-02-07 16:54:35.641971
All,320,h2woofficial,H2WO,https://www.tiktok.com/@h2woofficial,4900000.0,3500000.0,438800.0,3800.0,1900.0,2022-02-07 16:54:35.641971
All,324,brandonspam_,Brandon Conner,https://www.tiktok.com/@brandonspam_,6800000.0,3700000.0,453300.0,4200.0,862.0,2022-02-07 16:54:35.641971
All,327,cbum,Chris Bumstead,https://www.tiktok.com/@cbum,1400000.0,3000000.0,370900.0,2400.0,5200.0,2022-02-07 16:54:35.641971
All,328,alaa.ayyman,ALaa Ayman,https://www.tiktok.com/@alaa.ayyman,7400000.0,5100000.0,412400.0,2200.0,1700.0,2022-02-07 16:54:35.641971
All,330,phamvinh99,Ph·∫°m Vinh,https://www.tiktok.com/@phamvinh99,2400000.0,4500000.0,442200.0,2700.0,1500.0,2022-02-07 16:54:35.641971
All,332,thefatkage,FatKage,https://www.tiktok.com/@thefatkage,652700.0,2800000.0,490900.0,3200.0,2600.0,2022-02-07 16:54:35.641971
All,333,jack.wright,jack wright,https://www.tiktok.com/@jack.wright,10200000.0,3800000.0,491600.0,3700.0,601.0,2022-02-07 16:54:35.641971
All,334,baraa.bolat,@baraabolat,https://www.tiktok.com/@baraa.bolat,1100000.0,4800000.0,200500.0,4800.0,3600.0,2022-02-07 16:54:35.641971
All,340,notshanebennett,Shane Bennett,https://www.tiktok.com/@notshanebennett,2000000.0,4100000.0,569800.0,2500.0,853.0,2022-02-07 16:54:35.641971
All,343,haileybieber,Hailey Bieber,https://www.tiktok.com/@haileybieber,7400000.0,2600000.0,414500.0,3800.0,3300.0,2022-02-07 16:54:35.641971
All,344,robegrill,Roberto Morales,https://www.tiktok.com/@robegrill,9600000.0,3200000.0,387500.0,2800.0,3400.0,2022-02-07 16:54:35.641971
All,345,diegodiego_,Diego Cruz,https://www.tiktok.com/@diegodiego_,6900000.0,3100000.0,481400.0,3200.0,1900.0,2022-02-07 16:54:35.641971
All,346,nicollefigueroaa,Nicolle Figueroa,https://www.tiktok.com/@nicollefigueroaa,9100000.0,3700000.0,470100.0,3300.0,1100.0,2022-02-07 16:54:35.641971
All,349,benoftheweek,ben de almeida,https://www.tiktok.com/@benoftheweek,10000000.0,2800000.0,432600.0,5500.0,772.0,2022-02-07 16:54:35.641971
All,352,carolcastromx,Carol Castro,https://www.tiktok.com/@carolcastromx,7900000.0,3800000.0,527000.0,3200.0,517.0,2022-02-07 16:54:35.641971
All,353,kalebkonig,Kaleb,https://www.tiktok.com/@kalebkonig,1200000.0,2400000.0,332500.0,5000.0,4500.0,2022-02-07 16:54:35.641971
All,354,gemeasdafer,Fernanda Cintra,https://www.tiktok.com/@gemeasdafer,2200000.0,3600000.0,359900.0,2300.0,3400.0,2022-02-07 16:54:35.641971
All,358,imshawnsutton,Shawn Sutton,https://www.tiktok.com/@imshawnsutton,4600000.0,3300000.0,346900.0,1500.0,4800.0,2022-02-07 16:54:35.641971
All,359,vadim_rush,–í–∞–¥–∏–º,https://www.tiktok.com/@vadim_rush,2800000.0,2300000.0,346000.0,5500.0,3600.0,2022-02-07 16:54:35.641971
All,361,barbaracoura,B√°rbara Coura,https://www.tiktok.com/@barbaracoura,7300000.0,2700000.0,426800.0,3600.0,2600.0,2022-02-07 16:54:35.641971
All,362,lucaluceofficial,Luca Luce,https://www.tiktok.com/@lucaluceofficial,1600000.0,4100000.0,286100.0,3700.0,2500.0,2022-02-07 16:54:35.641971
All,363,afrae.es,Afraa,https://www.tiktok.com/@afrae.es,5700000.0,4800000.0,317100.0,1700.0,3000.0,2022-02-07 16:54:35.641971
All,365,_dirtyelbows,Audrey,https://www.tiktok.com/@_dirtyelbows,5600.0,2700000.0,330700.0,4000.0,3800.0,2022-02-07 16:54:35.641971
All,366,maharanikemala,maharanikemala,https://www.tiktok.com/@maharanikemala,3000000.0,2900000.0,318800.0,5500.0,2100.0,2022-02-07 16:54:35.641971
All,367,leeansalinass,LeeanSalinas,https://www.tiktok.com/@leeansalinass,898300.0,4100000.0,373300.0,2600.0,2100.0,2022-02-07 16:54:35.641971
All,368,iben_ma,Iben M.A.,https://www.tiktok.com/@iben_ma,5100000.0,4700000.0,376800.0,3600.0,334.0,2022-02-07 16:54:35.641971
All,369,theonlycb3,Charles Brockman III,https://www.tiktok.com/@theonlycb3,5000000.0,2100000.0,416700.0,3200.0,4700.0,2022-02-07 16:54:35.641971
All,371,divabry,‚ú®Divabry‚ú®,https://www.tiktok.com/@divabry,2700000.0,2600000.0,394100.0,2500.0,4200.0,2022-02-07 16:54:35.641971
All,374,kaan.etm,Kaan,https://www.tiktok.com/@kaan.etm,2500000.0,1700000.0,384200.0,6400.0,4100.0,2022-02-07 16:54:35.641971
All,375,betel70,Betel70,https://www.tiktok.com/@betel70,524500.0,3400000.0,283600.0,2900.0,4200.0,2022-02-07 16:54:35.641971
All,380,miketoks,Miketoks,https://www.tiktok.com/@miketoks,10600000.0,3300000.0,365800.0,2500.0,2900.0,2022-02-07 16:54:35.641971
All,381,nobrutv,Bruno Goes,https://www.tiktok.com/@nobrutv,7800000.0,3300000.0,328300.0,4200.0,1900.0,2022-02-07 16:54:35.641971
All,385,ana_eusse,Ana Maria,https://www.tiktok.com/@ana_eusse,9600000.0,4400000.0,570200.0,2100.0,460.0,2022-02-07 16:54:35.641971
All,386,___nicoichi___,NICO„ÄêÂπ≥Êàê„Éï„É©„Éü„É≥„Ç¥„Äë,https://www.tiktok.com/@___nicoichi___,1100000.0,2600000.0,297200.0,4900.0,3300.0,2022-02-07 16:54:35.641971
All,390,alejandroppuente,Alejandro Puente,https://www.tiktok.com/@alejandroppuente,351700.0,2000000.0,363900.0,5900.0,2900.0,2022-02-07 16:54:35.641971
All,391,chris,Chris Olsen,https://www.tiktok.com/@chris,6400000.0,3100000.0,431100.0,2500.0,2200.0,2022-02-07 16:54:35.641971
All,392,stephen_benihagan,STEPHEN,https://www.tiktok.com/@stephen_benihagan,8700000.0,5300000.0,209600.0,4800.0,788.0,2022-02-07 16:54:35.641971
All,393,milos.guzel,Milos,https://www.tiktok.com/@milos.guzel,4700000.0,3400000.0,490400.0,2500.0,1300.0,2022-02-07 16:54:35.641971
All,394,greeicybaila,Greeicy ,https://www.tiktok.com/@greeicybaila,8000000.0,4600000.0,494700.0,1400.0,1300.0,2022-02-07 16:54:35.641971
All,395,cocinaconcoqui,cocinaconcoqui,https://www.tiktok.com/@cocinaconcoqui,1600000.0,2600000.0,347800.0,1100.0,5600.0,2022-02-07 16:54:35.641971
All,397,mariajosegi,majo,https://www.tiktok.com/@mariajosegi,1400000.0,2500000.0,516300.0,2700.0,2000.0,2022-02-07 16:54:35.641971
All,399,joslum,Jos√© L,https://www.tiktok.com/@joslum,10300000.0,3100000.0,539600.0,2200.0,1400.0,2022-02-07 16:54:35.641971
All,400,magicnonik,Magic Nonik,https://www.tiktok.com/@magicnonik,2200000.0,5200000.0,559400.0,1200.0,803.0,2022-02-07 16:54:35.641971
All,401,thetortoisewhisperer,Tortoise Whisperer,https://www.tiktok.com/@thetortoisewhisperer,5300000.0,3100000.0,339200.0,3000.0,2700.0,2022-02-07 16:54:35.641971
All,403,dementekovacs,Martin Kovacs,https://www.tiktok.com/@dementekovacs,2000000.0,2300000.0,431100.0,3000.0,3000.0,2022-02-07 16:54:35.641971
All,405,koolkuntkaz,kara,https://www.tiktok.com/@koolkuntkaz,282500.0,2900000.0,451500.0,2700.0,1800.0,2022-02-07 16:54:35.641971
All,408,jaywheeler,Jay Wheeler,https://www.tiktok.com/@jaywheeler,4600000.0,1900000.0,328400.0,3500.0,5900.0,2022-02-07 16:54:35.641971
All,413,farhakhalidi,Farha Khalidi,https://www.tiktok.com/@farhakhalidi,1200000.0,3000000.0,282200.0,5100.0,1600.0,2022-02-07 16:54:35.641971
All,416,itsmenicksmithy2,Nick Smithyman üòé,https://www.tiktok.com/@itsmenicksmithy2,8400000.0,3300000.0,330100.0,2800.0,2200.0,2022-02-07 16:54:35.641971
All,417,jojohfsex,fullhyp3,https://www.tiktok.com/@jojohfsex,1200000.0,2600000.0,345300.0,3800.0,2400.0,2022-02-07 16:54:35.641971
All,419,simplesmentenoix,Simplesmente Noix ü•∞,https://www.tiktok.com/@simplesmentenoix,6100000.0,3000000.0,433900.0,3000.0,1200.0,2022-02-07 16:54:35.641971
All,420,lupillafran,Maria Guadalupe,https://www.tiktok.com/@lupillafran,398800.0,2900000.0,336600.0,3100.0,2500.0,2022-02-07 16:54:35.641971
All,427,maxthemeatguy,Max The Meat Guy,https://www.tiktok.com/@maxthemeatguy,3200000.0,4200000.0,441800.0,1200.0,1600.0,2022-02-07 16:54:35.641971
All,428,fishingarrett,Fishingarrett,https://www.tiktok.com/@fishingarrett,1900000.0,2100000.0,322300.0,3200.0,4400.0,2022-02-07 16:54:35.641971
All,430,internetfunny,INTERNETFUNNY,https://www.tiktok.com/@internetfunny,1900000.0,1700000.0,423900.0,1900.0,5100.0,2022-02-07 16:54:35.641971
All,432,rug,FaZe Rug,https://www.tiktok.com/@rug,8700000.0,4300000.0,382400.0,2200.0,924.0,2022-02-07 16:54:35.641971
All,434,steven_he,Steven He,https://www.tiktok.com/@steven_he,4400000.0,2000000.0,298800.0,2400.0,6300.0,2022-02-07 16:54:35.641971
All,435,gabifaye,Gabi Faye,https://www.tiktok.com/@gabifaye,10200000.0,5000000.0,249600.0,1300.0,2700.0,2022-02-07 16:54:35.641971
All,436,matheuskriwat,Matheuskriwat,https://www.tiktok.com/@matheuskriwat,9300000.0,2900000.0,267500.0,3900.0,2600.0,2022-02-07 16:54:35.641971
All,437,frontal,FrontaL Gaming,https://www.tiktok.com/@frontal,945500.0,2300000.0,233800.0,5700.0,3600.0,2022-02-07 16:54:35.641971
All,440,ashkaashh,Ashaley ü¶ã,https://www.tiktok.com/@ashkaashh,2400000.0,2400000.0,282200.0,3200.0,4100.0,2022-02-07 16:54:35.641971
All,443,cyrusdobre,Cyrus Dobre,https://www.tiktok.com/@cyrusdobre,9500000.0,3900000.0,268000.0,3800.0,893.0,2022-02-07 16:54:35.641971
All,444,juaniquilador,JuanSGuarnizo,https://www.tiktok.com/@juaniquilador,7300000.0,1800000.0,333800.0,6600.0,1500.0,2022-02-07 16:54:35.641971
All,445,vincentgiganteee,Vincent Gigante,https://www.tiktok.com/@vincentgiganteee,2000000.0,2400000.0,284500.0,2000.0,5000.0,2022-02-07 16:54:35.641971
All,447,emiliamernes,Emilia Mernes,https://www.tiktok.com/@emiliamernes,2000000.0,3500000.0,509000.0,1400.0,1300.0,2022-02-07 16:54:35.641971
All,448,initiaraandini,tiara andini,https://www.tiktok.com/@initiaraandini,3700000.0,3300000.0,363500.0,1800.0,2200.0,2022-02-07 16:54:35.641971
All,449,coleandersonj,Cole Anderson James,https://www.tiktok.com/@coleandersonj,1100000.0,1900000.0,311400.0,2700.0,5300.0,2022-02-07 16:54:35.641971
All,450,la_lerma,LERMITA,https://www.tiktok.com/@la_lerma,10900000.0,2700000.0,384200.0,1200.0,3300.0,2022-02-07 16:54:35.641971
All,451,niti3_,Niti3_,https://www.tiktok.com/@niti3_,1500000.0,2500000.0,380200.0,1900.0,3100.0,2022-02-07 16:54:35.641971
All,453,willikatiana,willikatiana,https://www.tiktok.com/@willikatiana,2800000.0,3900000.0,225300.0,4800.0,437.0,2022-02-07 16:54:35.641971
All,455,edmatthewstokky,Ed matthews,https://www.tiktok.com/@edmatthewstokky,528000.0,2500000.0,226300.0,3900.0,4200.0,2022-02-07 16:54:35.641971
All,457,cierraramirezofficial,Cierra Ramirez ,https://www.tiktok.com/@cierraramirezofficial,1200000.0,2900000.0,469700.0,1200.0,2100.0,2022-02-07 16:54:35.641971
All,459,la.maraaa,LA MARA,https://www.tiktok.com/@la.maraaa,5600000.0,2800000.0,501900.0,2800.0,422.0,2022-02-07 16:54:35.641971
All,466,machikayt,MachikaYT,https://www.tiktok.com/@machikayt,11600000.0,3000000.0,368200.0,2400.0,1600.0,2022-02-07 16:54:35.641971
All,469,calebcoffee,Caleb Coffee,https://www.tiktok.com/@calebcoffee,10300000.0,2700000.0,408500.0,3100.0,840.0,2022-02-07 16:54:35.641971
All,472,thinhung99,Th·ªã Nhung,https://www.tiktok.com/@thinhung99,5600000.0,2800000.0,345500.0,3200.0,1300.0,2022-02-07 16:54:35.641971
All,474,nazdej,Naz Dej,https://www.tiktok.com/@nazdej,7300000.0,3100000.0,253600.0,2400.0,3200.0,2022-02-07 16:54:35.641971
All,475,nick.digiovanni,nick.digiovanni,https://www.tiktok.com/@nick.digiovanni,8199999.999999999,2900000.0,416800.0,2300.0,1200.0,2022-02-07 16:54:35.641971
All,478,morimura,MoriMuraüçï,https://www.tiktok.com/@morimura,5800000.0,1700000.0,349600.0,3400.0,3600.0,2022-02-07 16:54:35.641971
All,480,dababy,Dababy,https://www.tiktok.com/@dababy,6500000.0,1900000.0,314900.0,4900.0,2200.0,2022-02-07 16:54:35.641971
All,481,jaxwritessongs,Jax,https://www.tiktok.com/@jaxwritessongs,8100000.0,1800000.0,252200.0,4800.0,4600.0,2022-02-07 16:54:35.641971
All,482,ava_love33,Ava Love,https://www.tiktok.com/@ava_love33,2600000.0,2600000.0,396600.0,3200.0,758.0,2022-02-07 16:54:35.641971
All,483,francis.bourgeois,Francis Bourgeois,https://www.tiktok.com/@francis.bourgeois,2200000.0,2300000.0,244200.0,2400.0,4900.0,2022-02-07 16:54:35.641971
All,484,charlyokei,Charlyy,https://www.tiktok.com/@charlyokei,3500000.0,3300000.0,349000.0,2300.0,1200.0,2022-02-07 16:54:35.641971
All,485,oli_natu,Oli Natu,https://www.tiktok.com/@oli_natu,7200000.0,3200000.0,414000.0,1500.0,1600.0,2022-02-07 16:54:35.641971
All,486,myggglf,meyes,https://www.tiktok.com/@myggglf,186800.0,3400000.0,211700.0,4100.0,1500.0,2022-02-07 16:54:35.641971
All,487,oblomoffrecipe,oblomoffrecipe,https://www.tiktok.com/@oblomoffrecipe,4900000.0,2700000.0,235800.0,1500.0,4800.0,2022-02-07 16:54:35.641971
All,488,interesting.thingsz,News For You üåç,https://www.tiktok.com/@interesting.thingsz,3700000.0,2700000.0,313000.0,3400.0,1300.0,2022-02-07 16:54:35.641971
All,489,yefersoncossio,Yef,https://www.tiktok.com/@yefersoncossio,10300000.0,4400000.0,395000.0,1500.0,804.0,2022-02-07 16:54:35.641971
All,490,elinaageeva,ELLI,https://www.tiktok.com/@elinaageeva,1800000.0,2300000.0,337200.0,1100.0,4100.0,2022-02-07 16:54:35.641971
All,493,theevaelfie,Eva Elfie,https://www.tiktok.com/@theevaelfie,3600000.0,2500000.0,192100.0,6300.0,1800.0,2022-02-07 16:54:35.641971
All,494,hotramyun,Hotramyun,https://www.tiktok.com/@hotramyun,669000.0,3800000.0,457000.0,1700.0,551.0,2022-02-07 16:54:35.641971
All,495,ryanbakery,ryanbakery,https://www.tiktok.com/@ryanbakery,996800.0,2000000.0,268800.0,3400.0,3800.0,2022-02-07 16:54:35.641971
All,498,tunico80,üå†Antonio Tononüå†,https://www.tiktok.com/@tunico80,5200000.0,2400000.0,302000.0,2600.0,2800.0,2022-02-07 16:54:35.641971
All,499,boywithuke,boywithuke,https://www.tiktok.com/@boywithuke,3400000.0,2300000.0,322300.0,4100.0,1000.0,2022-02-07 16:54:35.641971
All,502,infinite,Infinite,https://www.tiktok.com/@infinite,7000000.0,3400000.0,295900.0,3000.0,754.0,2022-02-07 16:54:35.641971
All,504,asyrafjamall,A T A P,https://www.tiktok.com/@asyrafjamall,1900000.0,5000000.0,241000.0,886.0,2200.0,2022-02-07 16:54:35.641971
All,505,matheusevitoriaofc,Matheus e Vitoria,https://www.tiktok.com/@matheusevitoriaofc,6400000.0,2700000.0,247800.0,2500.0,3000.0,2022-02-07 16:54:35.641971
All,506,veydi_rush,veydi_rush,https://www.tiktok.com/@veydi_rush,7600000.0,2500000.0,355700.0,1300.0,2800.0,2022-02-07 16:54:35.641971
All,507,fedez,fedez,https://www.tiktok.com/@fedez,5100000.0,1400000.0,303200.0,2100.0,6500.0,2022-02-07 16:54:35.641971
All,509,augustogimenez,AugustoGimenez,https://www.tiktok.com/@augustogimenez,11400000.0,3000000.0,398100.0,2000.0,973.0,2022-02-07 16:54:35.641971
All,511,jigpx,Jigar Patel,https://www.tiktok.com/@jigpx,4900000.0,2400000.0,219300.0,5700.0,1100.0,2022-02-07 16:54:35.641971
All,512,dillajaidi,Dilla Jaidi,https://www.tiktok.com/@dillajaidi,989600.0,2800000.0,365600.0,2000.0,1600.0,2022-02-07 16:54:35.641971
All,513,_vincealarcon,Vince Alarcon,https://www.tiktok.com/@_vincealarcon,5500000.0,4600000.0,364200.0,1100.0,1000.0,2022-02-07 16:54:35.641971
All,514,rubentuestaok,Ruben Tuesta,https://www.tiktok.com/@rubentuestaok,9600000.0,3500000.0,274800.0,914.0,2800.0,2022-02-07 16:54:35.641971
All,515,romanlolo,Roman,https://www.tiktok.com/@romanlolo,702700.0,1800000.0,399500.0,3200.0,1700.0,2022-02-07 16:54:35.641971
All,516,sibenitoo,SiBenitoo,https://www.tiktok.com/@sibenitoo,4400000.0,2700000.0,231900.0,2700.0,3100.0,2022-02-07 16:54:35.641971
All,517,larrywheels,Larrywheels,https://www.tiktok.com/@larrywheels,1400000.0,1900000.0,205700.0,3000.0,6000.0,2022-02-07 16:54:35.641971
All,519,xobrooklynne,Brooklynne :),https://www.tiktok.com/@xobrooklynne,10700000.0,2400000.0,286900.0,4600.0,465.0,2022-02-07 16:54:35.641971
All,520,sveta.marcel,–°–≤–µ—Ç–∞ –ú–∞—Ä—Å–µ–ª—å,https://www.tiktok.com/@sveta.marcel,3500000.0,3600000.0,285500.0,1400.0,2000.0,2022-02-07 16:54:35.641971
All,522,djsandyremix,djsandyremix,https://www.tiktok.com/@djsandyremix,175700.0,2300000.0,207800.0,4700.0,2600.0,2022-02-07 16:54:35.641971
All,523,jarvali,Jarvis,https://www.tiktok.com/@jarvali,2100000.0,1600000.0,384200.0,3600.0,2100.0,2022-02-07 16:54:35.641971
All,524,monika.kociolek,Monika Kocio≈Çek,https://www.tiktok.com/@monika.kociolek,2500000.0,1600000.0,267400.0,6300.0,1900.0,2022-02-07 16:54:35.641971
All,526,jrayssaleal,Rayssalealüíö,https://www.tiktok.com/@jrayssaleal,4400000.0,3900000.0,277700.0,2600.0,600.0,2022-02-07 16:54:35.641971
All,527,ugolord,‚öñÔ∏è The TikTok Attorney ‚öñÔ∏è,https://www.tiktok.com/@ugolord,4900000.0,3200000.0,176200.0,5700.0,514.0,2022-02-07 16:54:35.641971
All,531,nicholas_crown,Nicholas Crown,https://www.tiktok.com/@nicholas_crown,1300000.0,4000000.0,633700.0,818.0,556.0,2022-02-07 16:54:35.641971
All,532,lukman_nj,lukman nj,https://www.tiktok.com/@lukman_nj,3300000.0,3400000.0,315400.0,2600.0,631.0,2022-02-07 16:54:35.641971
All,533,leidys_sotolongo,Leidys Sotolongo,https://www.tiktok.com/@leidys_sotolongo,11200000.0,3200000.0,408600.0,2000.0,572.0,2022-02-07 16:54:35.641971
All,534,bsnano1,Nano,https://www.tiktok.com/@bsnano1,11300.0,2000000.0,254800.0,3400.0,3300.0,2022-02-07 16:54:35.641971
All,535,dagibee,dagi,https://www.tiktok.com/@dagibee,1000000.0,2500000.0,334200.0,2200.0,2000.0,2022-02-07 16:54:35.641971
All,536,jensjulius_tejlgaard,JensJulius Tejlgaard,https://www.tiktok.com/@jensjulius_tejlgaard,440300.0,2500000.0,174000.0,1400.0,6400.0,2022-02-07 16:54:35.641971
All,537,lourdasprec,LOURD,https://www.tiktok.com/@lourdasprec,8500000.0,1000000.0,302300.0,7000.0,4200.0,2022-02-07 16:54:35.641971
All,541,anthonnyswagg3,anthonnyswagg,https://www.tiktok.com/@anthonnyswagg3,8100000.0,2300000.0,220000.0,3000.0,3800.0,2022-02-07 16:54:35.641971
All,542,carloscastroes,Carlos Castro,https://www.tiktok.com/@carloscastroes,10100000.0,2600000.0,289600.0,551.0,3900.0,2022-02-07 16:54:35.641971
All,543,suavexavier,Savvy,https://www.tiktok.com/@suavexavier,10500000.0,3000000.0,247700.0,2200.0,2300.0,2022-02-07 16:54:35.641971
All,546,leanadeeb,Leana Deeb,https://www.tiktok.com/@leanadeeb,3500000.0,2700000.0,407100.0,953.0,2000.0,2022-02-07 16:54:35.641971
All,547,gabimfmoura,Gabriela Moura,https://www.tiktok.com/@gabimfmoura,7000000.0,2600000.0,329200.0,1500.0,2300.0,2022-02-07 16:54:35.641971
All,549,gb0012,gb0012,https://www.tiktok.com/@gb0012,1700000.0,2000000.0,222800.0,3800.0,3600.0,2022-02-07 16:54:35.641971
All,550,laurathesimp,mommy sage,https://www.tiktok.com/@laurathesimp,706400.0,1800000.0,285100.0,2500.0,3900.0,2022-02-07 16:54:35.641971
All,551,barisresmiii,barƒ±≈ü dada,https://www.tiktok.com/@barisresmiii,11500000.0,4200000.0,234000.0,2300.0,1000.0,2022-02-07 16:54:35.641971
All,552,ikendrena,Meike,https://www.tiktok.com/@ikendrena,6700000.0,2600000.0,393900.0,2700.0,524.0,2022-02-07 16:54:35.641971
All,557,hasanmucci,hasanmucci,https://www.tiktok.com/@hasanmucci,1600000.0,2900000.0,181900.0,2900.0,3200.0,2022-02-07 16:54:35.641971
All,558,littlejem4,LittleJem,https://www.tiktok.com/@littlejem4,1800000.0,2100000.0,302600.0,3800.0,1200.0,2022-02-07 16:54:35.641971
All,560,nabela,nabela,https://www.tiktok.com/@nabela,7200000.0,2600000.0,411900.0,1600.0,1400.0,2022-02-07 16:54:35.641971
All,561,rawanfahmii,rawan,https://www.tiktok.com/@rawanfahmii,3300000.0,3900000.0,274800.0,1900.0,1100.0,2022-02-07 16:54:35.641971
All,562,faryanggaa,Ryann,https://www.tiktok.com/@faryanggaa,3700000.0,1700000.0,339000.0,4100.0,1400.0,2022-02-07 16:54:35.641971
All,566,gorowok21,MAFIA BANGLADESH,https://www.tiktok.com/@gorowok21,352800.0,2100000.0,202200.0,5600.0,1800.0,2022-02-07 16:54:35.641971
All,568,milaalawiyah,Mila Alawiyah,https://www.tiktok.com/@milaalawiyah,3800000.0,4000000.0,401700.0,1300.0,613.0,2022-02-07 16:54:35.641971
All,570,los_escachaitos,Los_Escachaitos,https://www.tiktok.com/@los_escachaitos,2600000.0,2400000.0,198900.0,3300.0,3200.0,2022-02-07 16:54:35.641971
All,571,annaxsitar,anna x,https://www.tiktok.com/@annaxsitar,11500000.0,3500000.0,537300.0,835.0,803.0,2022-02-07 16:54:35.641971
All,572,kingsalmanan,Doni salmanan,https://www.tiktok.com/@kingsalmanan,828500.0,4800000.0,336800.0,0.0,1900.0,2022-02-07 16:54:35.641971
All,573,raulbazanm,Raul Baz√°n,https://www.tiktok.com/@raulbazanm,4200000.0,4100000.0,247800.0,1600.0,1500.0,2022-02-07 16:54:35.641971
All,574,lexychaplin,Lexy,https://www.tiktok.com/@lexychaplin,2900000.0,2100000.0,338800.0,3600.0,739.0,2022-02-07 16:54:35.641971
All,576,mariabecerra_22,Maria Becerra,https://www.tiktok.com/@mariabecerra_22,5600000.0,2700000.0,358200.0,2100.0,1100.0,2022-02-07 16:54:35.641971
All,578,khonpetch56,‡∏Ç‡∏ô‡πÄ‡∏û‡∏ä‡∏£‡∏ö‡πâ‡∏≤‡∏à‡∏µ‡πâ,https://www.tiktok.com/@khonpetch56,3100000.0,2300000.0,206200.0,2500.0,3800.0,2022-02-07 16:54:35.641971
All,579,magaly.rds,Magaly Rodriguez,https://www.tiktok.com/@magaly.rds,495600.0,3000000.0,310200.0,2300.0,928.0,2022-02-07 16:54:35.641971
All,580,crisdevilgamer7,CrisDevilGamer,https://www.tiktok.com/@crisdevilgamer7,4200000.0,2000000.0,324100.0,4000.0,598.0,2022-02-07 16:54:35.641971
All,581,lizzy.schneider,Lizzy Schneider,https://www.tiktok.com/@lizzy.schneider,243300.0,2900000.0,489100.0,996.0,1100.0,2022-02-07 16:54:35.641971
All,583,volvydooya,Volvy,https://www.tiktok.com/@volvydooya,650300.0,1600000.0,342600.0,2300.0,3200.0,2022-02-07 16:54:35.641971
All,584,katkatyeah,KATKATYEAH,https://www.tiktok.com/@katkatyeah,908200.0,3000000.0,425600.0,1300.0,1000.0,2022-02-07 16:54:35.641971
All,585,datvilla94,üî•ƒê·∫°t Villaüî•,https://www.tiktok.com/@datvilla94,3700000.0,2200000.0,228000.0,4100.0,1900.0,2022-02-07 16:54:35.641971
All,586,superjekitaa,Jeka 24,https://www.tiktok.com/@superjekitaa,2900000.0,2100000.0,324600.0,3700.0,573.0,2022-02-07 16:54:35.641971
All,587,ianboggs,IAN,https://www.tiktok.com/@ianboggs,10200000.0,3100000.0,371500.0,2300.0,264.0,2022-02-07 16:54:35.641971
All,588,emilymariko,Emily Mariko,https://www.tiktok.com/@emilymariko,9400000.0,3600000.0,325200.0,1500.0,916.0,2022-02-07 16:54:35.641971
All,591,schrodingerlee,lee || shower stomper,https://www.tiktok.com/@schrodingerlee,1100000.0,2500000.0,356100.0,1600.0,1600.0,2022-02-07 16:54:35.641971
All,592,owen.han,MANGIAMOH,https://www.tiktok.com/@owen.han,915400.0,2900000.0,210700.0,941.0,3800.0,2022-02-07 16:54:35.641971
All,595,ajravsss,Aj Raval,https://www.tiktok.com/@ajravsss,8000000.0,2700000.0,355300.0,2300.0,626.0,2022-02-07 16:54:35.641971
All,596,tootymcnooty,TootyMcNooty,https://www.tiktok.com/@tootymcnooty,6600000.0,1500000.0,323400.0,1900.0,4100.0,2022-02-07 16:54:35.641971
All,598,rachsullivan__,Rach Sullivan,https://www.tiktok.com/@rachsullivan__,1000000.0,3200000.0,387200.0,824.0,1400.0,2022-02-07 16:54:35.641971
All,599,linhkool1993,Linh Kool,https://www.tiktok.com/@linhkool1993,4200000.0,4300000.0,323300.0,1400.0,598.0,2022-02-07 16:54:35.641971
All,600,420althea,althea,https://www.tiktok.com/@420althea,1200000.0,1600000.0,224300.0,4600.0,3200.0,2022-02-07 16:54:35.641971
All,603,cauamacedo,Cau√£ Macedo,https://www.tiktok.com/@cauamacedo,10000000.0,2000000.0,292300.0,4400.0,425.0,2022-02-07 16:54:35.641971
All,605,annemarie,ANNEMARIE,https://www.tiktok.com/@annemarie,6200000.0,3100000.0,366000.0,1900.0,526.0,2022-02-07 16:54:35.641971
All,606,_nch04,ùêçùê†ùêÆùê≤ùêûÃÇÃÉùêß ùêáùêöÃâùê¢,https://www.tiktok.com/@_nch04,4600000.0,4400000.0,302400.0,1300.0,746.0,2022-02-07 16:54:35.641971
All,608,rudy_willingham,rudy_willingham,https://www.tiktok.com/@rudy_willingham,4300000.0,3500000.0,303600.0,490.0,2100.0,2022-02-07 16:54:35.641971
All,609,bikedasher,Patrick,https://www.tiktok.com/@bikedasher,903100.0,3600000.0,338700.0,1500.0,773.0,2022-02-07 16:54:35.641971
All,610,rauwalejandro,rauwalejandro,https://www.tiktok.com/@rauwalejandro,8000000.0,1800000.0,303700.0,3700.0,1200.0,2022-02-07 16:54:35.641971
All,612,jonata_26,Jonataü§©,https://www.tiktok.com/@jonata_26,3300000.0,1800000.0,296900.0,1300.0,3700.0,2022-02-07 16:54:35.641971
All,613,luancarvalhosc,LUAN CARVALHO,https://www.tiktok.com/@luancarvalhosc,159800.0,1100000.0,231200.0,6900.0,3500.0,2022-02-07 16:54:35.641971
All,615,wuesilva,Wue Silva,https://www.tiktok.com/@wuesilva,10200000.0,2200000.0,244800.0,2900.0,2200.0,2022-02-07 16:54:35.641971
All,616,karll9_,Bantu follow ya tq‚ù§Ô∏è,https://www.tiktok.com/@karll9_,755400.0,2800000.0,187300.0,3000.0,2100.0,2022-02-07 16:54:35.641971
All,619,kristenhanby123,Kristenhanby,https://www.tiktok.com/@kristenhanby123,9500000.0,3900000.0,262600.0,769.0,1900.0,2022-02-07 16:54:35.641971
All,620,borisao_blois,Borisao Blois,https://www.tiktok.com/@borisao_blois,2900000.0,2300000.0,218300.0,2400.0,2800.0,2022-02-07 16:54:35.641971
All,621,duolingo,Duolingo,https://www.tiktok.com/@duolingo,2900000.0,1500000.0,253600.0,4100.0,2900.0,2022-02-07 16:54:35.641971
All,622,marxff_,marüíò,https://www.tiktok.com/@marxff_,987300.0,2000000.0,206500.0,5500.0,953.0,2022-02-07 16:54:35.641971
All,623,popokbolong,PARHANCUK!,https://www.tiktok.com/@popokbolong,1600000.0,1700000.0,322800.0,3200.0,1600.0,2022-02-07 16:54:35.641971
All,624,jimmydarts,Jimmy Darts,https://www.tiktok.com/@jimmydarts,5400000.0,1600000.0,261600.00000000003,5200.0,1100.0,2022-02-07 16:54:35.641971
All,626,teddycollects,TeddyMC,https://www.tiktok.com/@teddycollects,194200.0,2000000.0,242300.0,2600.0,3000.0,2022-02-07 16:54:35.641971
All,628,soysuco_ff,Suco Ismael,https://www.tiktok.com/@soysuco_ff,3400000.0,2100000.0,302600.0,3700.0,412.0,2022-02-07 16:54:35.641971
All,629,casaltoxico,‚ú® Casal T√≥xico ‚ú®,https://www.tiktok.com/@casaltoxico,5800000.0,2300000.0,336200.0,2000.0,1400.0,2022-02-07 16:54:35.641971
All,630,nada_m7amed,ÿØŸàÿØÿßü¶πüèªü§ç,https://www.tiktok.com/@nada_m7amed,5500000.0,2400000.0,252500.0,2500.0,1900.0,2022-02-07 16:54:35.641971
All,631,lynaperezxo,Lyna Perez,https://www.tiktok.com/@lynaperezxo,8000000.0,2600000.0,311500.0,1600.0,1700.0,2022-02-07 16:54:35.641971
All,632,daveardito,Dave Ardito,https://www.tiktok.com/@daveardito,8199999.999999999,1900000.0,323000.0,1900.0,2300.0,2022-02-07 16:54:35.641971
All,633,kokoobetz,Koko,https://www.tiktok.com/@kokoobetz,493500.0,1600000.0,291000.0,1200.0,4400.0,2022-02-07 16:54:35.641971
All,634,oldtimehawkey,Old Time Hawkey,https://www.tiktok.com/@oldtimehawkey,4800000.0,1500000.0,268600.0,3300.0,3100.0,2022-02-07 16:54:35.641971
All,635,babehojol,Ary,https://www.tiktok.com/@babehojol,1200000.0,1900000.0,214200.0,2400.0,4000.0,2022-02-07 16:54:35.641971
All,636,somi_official_,JEON SOMI,https://www.tiktok.com/@somi_official_,5500000.0,1700000.0,429300.0,2900.0,624.0,2022-02-07 16:54:35.641971
All,638,avanireyes,AvaniüëΩ,https://www.tiktok.com/@avanireyes,3800000.0,3000000.0,134700.0,4900.0,1400.0,2022-02-07 16:54:35.641971
All,639,4yilol,ayilüßÉ,https://www.tiktok.com/@4yilol,34800.0,1600000.0,267400.0,1700.0,4300.0,2022-02-07 16:54:35.641971
All,641,countingschleeps,blake,https://www.tiktok.com/@countingschleeps,2000000.0,2200000.0,378200.0,1400.0,1600.0,2022-02-07 16:54:35.641971
All,642,eddievr,Eddie,https://www.tiktok.com/@eddievr,9000000.0,3400000.0,367600.0,1100.0,917.0,2022-02-07 16:54:35.641971
All,643,acrylics.baby,AcrylicsüíÖüíÖ,https://www.tiktok.com/@acrylics.baby,154200.0,2600000.0,273700.0,3000.0,540.0,2022-02-07 16:54:35.641971
All,644,mispastelitos_,Mis Pastelitos,https://www.tiktok.com/@mispastelitos_,8600000.0,2400000.0,399200.0,1200.0,1400.0,2022-02-07 16:54:35.641971
All,645,nathypeluso,Nathy Peluso,https://www.tiktok.com/@nathypeluso,5000000.0,2300000.0,388000.0,1700.0,1100.0,2022-02-07 16:54:35.641971
All,648,bluefacebleedem,Blueface,https://www.tiktok.com/@bluefacebleedem,8800000.0,2300000.0,293200.0,2300.0,1400.0,2022-02-07 16:54:35.641971
All,650,marisol.viola,marisol viola,https://www.tiktok.com/@marisol.viola,815400.0,2100000.0,220200.0,2300.0,3200.0,2022-02-07 16:54:35.641971
All,652,attahalilintar,Atta Halilintar,https://www.tiktok.com/@attahalilintar,9400000.0,3000000.0,341700.0,1600.0,795.0,2022-02-07 16:54:35.641971
All,653,alongcameabby,Along Came Abby,https://www.tiktok.com/@alongcameabby,3300000.0,1800000.0,195800.0,1800.0,5400.0,2022-02-07 16:54:35.641971
All,655,livvy,Olivia Dunne,https://www.tiktok.com/@livvy,4800000.0,2400000.0,279800.0,2200.0,1400.0,2022-02-07 16:54:35.641971
All,658,r___.89,ùëÄùëñùë†ùë°ùëíùëü ùëÖùëíùëíùëöùëé üòæ‚ú®.,https://www.tiktok.com/@r___.89,2900000.0,1900000.0,267200.0,3100.0,1700.0,2022-02-07 16:54:35.641971
All,659,seungbin030708,ÏäπÎπàüç•,https://www.tiktok.com/@seungbin030708,4400000.0,3300000.0,350600.0,1400.0,681.0,2022-02-07 16:54:35.641971
All,660,herranwalt,Herr Anwalt,https://www.tiktok.com/@herranwalt,4900000.0,1700000.0,208600.0,4000.0,2900.0,2022-02-07 16:54:35.641971
All,661,jaccleexs,‡∏à‡∏±‡∏™‡∏°‡∏¥‡∏ô‡∏ä‡∏≠‡∏ö‡∏Å‡∏¥‡∏ô‡πÅ‡∏ã‡∏•‡∏°‡πà‡∏≠‡∏ô,https://www.tiktok.com/@jaccleexs,3800000.0,2600000.0,461000.0,1700.0,375.0,2022-02-07 16:54:35.641971
All,662,justthenobodys,JustTheNobodys,https://www.tiktok.com/@justthenobodys,6700000.0,1800000.0,195000.0,2400.0,4500.0,2022-02-07 16:54:35.641971
All,663,hallebailey,halle,https://www.tiktok.com/@hallebailey,712900.0,1500000.0,301100.0,4100.0,1300.0,2022-02-07 16:54:35.641971
All,664,jamal.jamael,Karim Jamal,https://www.tiktok.com/@jamal.jamael,2500000.0,1700000.0,228000.0,3100.0,3100.0,2022-02-07 16:54:35.641971
All,665,abrunalouise,Bruna Louise,https://www.tiktok.com/@abrunalouise,4400000.0,2100000.0,317500.0,951.0,2700.0,2022-02-07 16:54:35.641971
All,666,williwhey,williwhey,https://www.tiktok.com/@williwhey,7500000.0,1900000.0,229400.0,1400.0,4100.0,2022-02-07 16:54:35.641971
All,669,emilyfauver,emily&ella,https://www.tiktok.com/@emilyfauver,3000000.0,2200000.0,344100.0,1100.0,2100.0,2022-02-07 16:54:35.641971
All,670,polinka_girla,–ü–æ–ª–∏–Ω–∫–∞,https://www.tiktok.com/@polinka_girla,4300000.0,3400000.0,329700.0,1300.0,823.0,2022-02-07 16:54:35.641971
All,671,discord,Discord,https://www.tiktok.com/@discord,2900000.0,1700000.0,292900.0,4100.0,735.0,2022-02-07 16:54:35.641971
All,673,dadansapta_irwn,DADANN,https://www.tiktok.com/@dadansapta_irwn,1300000.0,1400000.0,187100.0,4100.0,5000.0,2022-02-07 16:54:35.641971
All,674,mikasalamanca,Mikslmnc,https://www.tiktok.com/@mikasalamanca,9700000.0,2700000.0,302900.0,1400.0,1500.0,2022-02-07 16:54:35.641971
All,675,benoit_chevalier,Beno√Æt Chevalier,https://www.tiktok.com/@benoit_chevalier,8000000.0,1600000.0,177700.0,4000.0,4300.0,2022-02-07 16:54:35.641971
All,676,soyalexquiroz0,soyalexquiroz,https://www.tiktok.com/@soyalexquiroz0,4900000.0,1800000.0,267400.0,1600.0,3300.0,2022-02-07 16:54:35.641971
All,677,panarinkaa,–ö—É–∫–æ—è–∫–∏,https://www.tiktok.com/@panarinkaa,7000000.0,2600000.0,345300.0,1100.0,1500.0,2022-02-07 16:54:35.641971
All,678,esperansagrasia,Esperansagrasia,https://www.tiktok.com/@esperansagrasia,1600000.0,1300000.0,226300.0,1500.0,6500.0,2022-02-07 16:54:35.641971
All,680,leirbag____,LEIRBAG EL FARA√ìN,https://www.tiktok.com/@leirbag____,1400000.0,2300000.0,140700.0,2200.0,5100.0,2022-02-07 16:54:35.641971
All,681,marianne.la.mesera,Marianne üç∏,https://www.tiktok.com/@marianne.la.mesera,2800000.0,2100000.0,493600.0,1300.0,935.0,2022-02-07 16:54:35.641971
All,682,shawnmendes,Shawn Mendes,https://www.tiktok.com/@shawnmendes,8400000.0,1200000.0,242100.0,4100.0,3800.0,2022-02-07 16:54:35.641971
All,685,pipepunkoficial,Pipepunk,https://www.tiktok.com/@pipepunkoficial,991200.0,1800000.0,397800.0,573.0,2700.0,2022-02-07 16:54:35.641971
All,686,benkielesinski,Ben,https://www.tiktok.com/@benkielesinski,2600000.0,1500000.0,296800.0,3400.0,2000.0,2022-02-07 16:54:35.641971
All,688,_canalf,ü¶Å Can Yƒ±ldƒ±rƒ±m ü¶Å,https://www.tiktok.com/@_canalf,1800000.0,2600000.0,220800.0,3500.0,544.0,2022-02-07 16:54:35.641971
All,689,andy.and.michelle,Andy & Michelle,https://www.tiktok.com/@andy.and.michelle,2700000.0,2400000.0,224200.0,1600.0,2800.0,2022-02-07 16:54:35.641971
All,690,mydaddysteve,Steve,https://www.tiktok.com/@mydaddysteve,635100.0,2000000.0,234300.0,1900.0,2900.0,2022-02-07 16:54:35.641971
All,692,pekruuu,pekruuu,https://www.tiktok.com/@pekruuu,1500000.0,1400000.0,205400.0,3500.0,4400.0,2022-02-07 16:54:35.641971
All,693,lagaitagaitan,Carolina Gait√°n (La Gaita),https://www.tiktok.com/@lagaitagaitan,4700000.0,3300000.0,278400.0,1400.0,1100.0,2022-02-07 16:54:35.641971
All,694,ayaatanjali_,Ayaüòç,https://www.tiktok.com/@ayaatanjali_,5600000.0,1800000.0,293300.0,3100.0,1200.0,2022-02-07 16:54:35.641971
All,695,jeromepolin98,Jerome Polin,https://www.tiktok.com/@jeromepolin98,3900000.0,1200000.0,226300.0,6900.0,1500.0,2022-02-07 16:54:35.641971
All,696,hmzahbate,ÿ≠ŸÖÿ≤ÿ© ÿ≠ÿ®ÿßÿ™Ÿä,https://www.tiktok.com/@hmzahbate,3300000.0,4100000.0,246300.0,1200.0,1000.0,2022-02-07 16:54:35.641971
All,697,vzelivx,vzelivx,https://www.tiktok.com/@vzelivx,731300.0,2100000.0,271200.0,2600.0,1300.0,2022-02-07 16:54:35.641971
All,698,noordabashh,noor,https://www.tiktok.com/@noordabashh,7900000.0,2000000.0,394900.0,1400.0,1400.0,2022-02-07 16:54:35.641971
All,700,tiahranelson,T‚ú®,https://www.tiktok.com/@tiahranelson,3700000.0,2100000.0,284700.0,2100.0,1600.0,2022-02-07 16:54:35.641971
All,701,keshi,keshibeats,https://www.tiktok.com/@keshi,684100.0,1600000.0,266700.0,3100.0,2000.0,2022-02-07 16:54:35.641971
All,702,nickandcarrie,Nick&Carrie,https://www.tiktok.com/@nickandcarrie,5000000.0,2600000.0,339100.0,1100.0,1400.0,2022-02-07 16:54:35.641971
All,703,vivi,Vivi,https://www.tiktok.com/@vivi,9800000.0,2300000.0,287500.0,2700.0,642.0,2022-02-07 16:54:35.641971
All,705,royroy1228,Leeroy Wong,https://www.tiktok.com/@royroy1228,59700.0,1300000.0,157700.0,6100.0,4900.0,2022-02-07 16:54:35.641971
All,706,saesiii,saesi üí•,https://www.tiktok.com/@saesiii,4400000.0,3300000.0,178400.0,1200.0,2500.0,2022-02-07 16:54:35.641971
All,707,lilyachty,lilyachty,https://www.tiktok.com/@lilyachty,7800000.0,1800000.0,244400.0,2700.0,2200.0,2022-02-07 16:54:35.641971
All,709,dontstopmeowing,Kareem & Fifi,https://www.tiktok.com/@dontstopmeowing,8800000.0,2300000.0,271400.0,1500.0,2000.0,2022-02-07 16:54:35.641971
All,710,gevids,GEVids,https://www.tiktok.com/@gevids,10200000.0,3300000.0,188400.0,2600.0,854.0,2022-02-07 16:54:35.641971
All,711,fahmi.nm,Fahmi,https://www.tiktok.com/@fahmi.nm,7000000.0,2300000.0,284400.0,2400.0,883.0,2022-02-07 16:54:35.641971
All,712,buithanhtuyen2003,üåüùêìùêÆùê≤ùêûÃÇÃÄùêßùêóùêÆ ùêìùêïüåü,https://www.tiktok.com/@buithanhtuyen2003,1600000.0,2100000.0,315300.0,2800.0,406.0,2022-02-07 16:54:35.641971
All,713,semiraminta,Yeliz Korkmaz,https://www.tiktok.com/@semiraminta,11100000.0,2200000.0,153700.0,5800.0,480.0,2022-02-07 16:54:35.641971
All,714,nufc,Newcastle United Football Club,https://www.tiktok.com/@nufc,791600.0,1200000.0,180900.0,5100.0,4600.0,2022-02-07 16:54:35.641971
All,715,fortnitekanal.exe,Fortnitekanal.exe,https://www.tiktok.com/@fortnitekanal.exe,1100000.0,1400000.0,179400.0,7000.0,1500.0,2022-02-07 16:54:35.641971
All,716,yizaroff,YIZARO,https://www.tiktok.com/@yizaroff,3500000.0,2100000.0,305500.0,2500.0,758.0,2022-02-07 16:54:35.641971
All,717,zdotss,ZDOTSS,https://www.tiktok.com/@zdotss,801600.0,1500000.0,197300.0,2500.0,4600.0,2022-02-07 16:54:35.641971
All,718,baldybrobryzxz,celloszxzüßëüèª‚Äçü¶≤,https://www.tiktok.com/@baldybrobryzxz,10100000.0,3200000.0,279300.0,2100.0,260.0,2022-02-07 16:54:35.641971
All,719,ererervin,{Ervin||ùôéùô§ùôõùô©ùë©ùë∂ùíÄùë∫},https://www.tiktok.com/@ererervin,77600.0,2300000.0,250200.0,2300.0,1400.0,2022-02-07 16:54:35.641971
All,720,mexicocookingclub,Calixto Serna,https://www.tiktok.com/@mexicocookingclub,10100000.0,2000000.0,222300.0,1800.0,2900.0,2022-02-07 16:54:35.641971
All,721,theawesomelawsons,Whitney Lawson,https://www.tiktok.com/@theawesomelawsons,2700000.0,2100000.0,261500.0,1500.0,2300.0,2022-02-07 16:54:35.641971
All,722,hansdowel,Hans Dowel,https://www.tiktok.com/@hansdowel,4100000.0,2100000.0,284900.0,2200.0,1300.0,2022-02-07 16:54:35.641971
All,723,jayandsharon,Jay & Sharon,https://www.tiktok.com/@jayandsharon,1900000.0,1500000.0,254000.0,1500.0,3900.0,2022-02-07 16:54:35.641971
All,724,that_vs_them,that_vs_them,https://www.tiktok.com/@that_vs_them,1300000.0,1400000.0,190800.0,4900.0,2900.0,2022-02-07 16:54:35.641971
All,725,miichaelltran,Michael Tran,https://www.tiktok.com/@miichaelltran,6000000.0,2200000.0,285700.0,2000.0,1300.0,2022-02-07 16:54:35.641971
All,726,pedrolzc,Pedro,https://www.tiktok.com/@pedrolzc,367000.0,1400000.0,601200.0,1600.0,867.0,2022-02-07 16:54:35.641971
All,727,daisykeech,Daisykeech,https://www.tiktok.com/@daisykeech,6600000.0,2900000.0,289600.0,424.0,2100.0,2022-02-07 16:54:35.641971
All,729,samplertimes,Lawrence Becker,https://www.tiktok.com/@samplertimes,1500000.0,2700000.0,333100.0,934.0,1300.0,2022-02-07 16:54:35.641971
All,730,kasurita_millonario,Soy_oxma,https://www.tiktok.com/@kasurita_millonario,3000000.0,1900000.0,297800.0,3100.0,507.0,2022-02-07 16:54:35.641971
All,732,khaicakhia99,Kh·∫£i C√† Kh·ªãa,https://www.tiktok.com/@khaicakhia99,3500000.0,3300000.0,300200.0,1700.0,376.0,2022-02-07 16:54:35.641971
All,734,danielthrasher,Daniel Thrasher,https://www.tiktok.com/@danielthrasher,1600000.0,1800000.0,376500.0,1100.0,1900.0,2022-02-07 16:54:35.641971
All,735,leohwan,Leo Hwan,https://www.tiktok.com/@leohwan,1100000.0,1200000.0,251400.0,3800.0,2900.0,2022-02-07 16:54:35.641971
All,736,milligram96,Millie Ford,https://www.tiktok.com/@milligram96,1300000.0,1600000.0,209300.0,2300.0,3800.0,2022-02-07 16:54:35.641971
All,737,jordanemel,Jordan e Mel,https://www.tiktok.com/@jordanemel,8100000.0,3100000.0,185900.0,1600.0,2000.0,2022-02-07 16:54:35.641971
All,738,michaeloftiktok,Michael Famous Biologist,https://www.tiktok.com/@michaeloftiktok,730200.0,1700000.0,230800.0,3100.0,2200.0,2022-02-07 16:54:35.641971
All,741,brunoberti,Irm√£os Berti,https://www.tiktok.com/@brunoberti,8700000.0,3400000.0,135400.0,3200.0,1200.0,2022-02-07 16:54:35.641971
All,742,thedumbcatshow,meekael myerz,https://www.tiktok.com/@thedumbcatshow,1400000.0,1000000.0,268900.0,2300.0,4900.0,2022-02-07 16:54:35.641971
All,743,sahponcio,Sarah,https://www.tiktok.com/@sahponcio,1300000.0,2500000.0,364300.0,1400.0,858.0,2022-02-07 16:54:35.641971
All,744,jamesneese2,James Neese,https://www.tiktok.com/@jamesneese2,2000000.0,1200000.0,149200.0,6400.0,4800.0,2022-02-07 16:54:35.641971
All,745,genshin_impact_ru,Genshin Impact RU,https://www.tiktok.com/@genshin_impact_ru,1400000.0,968200.0,259300.0,4600.0,3400.0,2022-02-07 16:54:35.641971
All,746,saydenseay,Sayden,https://www.tiktok.com/@saydenseay,3200000.0,1000000.0,251200.0,2600.0,5400.0,2022-02-07 16:54:35.641971
All,747,caraos,CARAOSüîÆ,https://www.tiktok.com/@caraos,4000000.0,1100000.0,310400.0,3100.0,2800.0,2022-02-07 16:54:35.641971
All,748,bessan_esmail,ÿ®Ÿäÿ≥ÿßŸÜ ÿßÿ≥ŸÖÿßÿπŸäŸÑ - Bessan Ismail,https://www.tiktok.com/@bessan_esmail,9800000.0,2000000.0,183900.0,3200.0,2200.0,2022-02-07 16:54:35.641971
All,749,_catben_,Catherine Benson,https://www.tiktok.com/@_catben_,8700000.0,2100000.0,222300.0,2000.0,2200.0,2022-02-07 16:54:35.641971
All,750,footballszone,Football,https://www.tiktok.com/@footballszone,372600.0,1900000.0,231400.0,1800.0,2900.0,2022-02-07 16:54:35.641971
All,751,john_malecki,John Malecki,https://www.tiktok.com/@john_malecki,286700.0,4000000.0,178100.0,1200.0,1600.0,2022-02-07 16:54:35.641971
All,753,cookingwithlynja,Lynja,https://www.tiktok.com/@cookingwithlynja,8900000.0,2600000.0,254300.0,1600.0,1400.0,2022-02-07 16:54:35.641971
All,756,mrjrs2,MRJR YT,https://www.tiktok.com/@mrjrs2,6700000.0,1700000.0,259100.00000000003,3000.0,1400.0,2022-02-07 16:54:35.641971
All,757,giovannidasrimass,Giovanni silva,https://www.tiktok.com/@giovannidasrimass,6500000.0,2100000.0,172200.0,2500.0,2900.0,2022-02-07 16:54:35.641971
All,758,laurensulli,lauren sulli,https://www.tiktok.com/@laurensulli,83400.0,1100000.0,201100.0,3000.0,5800.0,2022-02-07 16:54:35.641971
All,759,anxietycouple,Anxiety couple,https://www.tiktok.com/@anxietycouple,10300000.0,3000000.0,300800.0,872.0,1300.0,2022-02-07 16:54:35.641971
All,760,dilaraaduman,Dilara Duman,https://www.tiktok.com/@dilaraaduman,1500000.0,3000000.0,202900.0,1400.0,1900.0,2022-02-07 16:54:35.641971
All,764,4q2y,ÿØŸÜŸàŸà,https://www.tiktok.com/@4q2y,852100.0,2300000.0,165900.0,4000.0,1000.0,2022-02-07 16:54:35.641971
All,765,xibibrothers,Xibi Brothers,https://www.tiktok.com/@xibibrothers,7100000.0,2700000.0,326600.0,852.0,1300.0,2022-02-07 16:54:35.641971
All,766,in_the_nic_of_time,Nic Suarez,https://www.tiktok.com/@in_the_nic_of_time,5200000.0,2100000.0,297200.0,2300.0,766.0,2022-02-07 16:54:35.641971
All,767,snarkymarky,mark,https://www.tiktok.com/@snarkymarky,4600000.0,1400000.0,253600.0,2900.0,2500.0,2022-02-07 16:54:35.641971
All,768,mikeyyk88,Mikey,https://www.tiktok.com/@mikeyyk88,176900.0,1300000.0,176700.0,2900.0,5400.0,2022-02-07 16:54:35.641971
All,769,leftistjayce,Jayce,https://www.tiktok.com/@leftistjayce,33600.0,1100000.0,203200.0,3000.0,5500.0,2022-02-07 16:54:35.641971
All,770,yousefmousa.1,Yousef Mousa üíô,https://www.tiktok.com/@yousefmousa.1,380900.0,2200000.0,130600.0,2300.0,4300.0,2022-02-07 16:54:35.641971
All,771,ryanhdlombard,Ryan Lombard,https://www.tiktok.com/@ryanhdlombard,7600000.0,1700000.0,262400.0,1100.0,3300.0,2022-02-07 16:54:35.641971
All,772,hoaminzy_hoadambut,Ho√† Minzy,https://www.tiktok.com/@hoaminzy_hoadambut,3800000.0,3300000.0,291200.0,1200.0,744.0,2022-02-07 16:54:35.641971
All,774,meosimmyyt,M√®o Simmy,https://www.tiktok.com/@meosimmyyt,3500000.0,1300000.0,218200.0,5500.0,1100.0,2022-02-07 16:54:35.641971
All,775,incorrectlyroce,Roce Ordo√±ez,https://www.tiktok.com/@incorrectlyroce,4200000.0,1800000.0,319900.0,1700.0,1600.0,2022-02-07 16:54:35.641971
All,776,danissntss,danis,https://www.tiktok.com/@danissntss,182300.0,1700000.0,403100.0,1800.0,1000.0,2022-02-07 16:54:35.641971
All,778,galkina_anechka,Galkina Anechka,https://www.tiktok.com/@galkina_anechka,2900000.0,3900000.0,157600.0,2400.0,683.0,2022-02-07 16:54:35.641971
All,780,domi.nate,Nate Drew Mollick,https://www.tiktok.com/@domi.nate,936800.0,1100000.0,169600.0,4100.0,5900.0,2022-02-07 16:54:35.641971
All,781,miuka.povs,Miuka.Povs,https://www.tiktok.com/@miuka.povs,2000000.0,2100000.0,319300.0,2200.0,585.0,2022-02-07 16:54:35.641971
All,782,zodiac.boyfriend,Zodiac Boyfriendü™êüîÆ,https://www.tiktok.com/@zodiac.boyfriend,1400000.0,1200000.0,188100.0,2800.0,5400.0,2022-02-07 16:54:35.641971
All,783,kaelimaee,kaeli mae,https://www.tiktok.com/@kaelimaee,7900000.0,2400000.0,324200.0,1000.0,1400.0,2022-02-07 16:54:35.641971
All,784,fabiola.baglieri,ùêπùëéùëèùëñùëúùëôùëé,https://www.tiktok.com/@fabiola.baglieri,11200000.0,2700000.0,384100.0,1500.0,265.0,2022-02-07 16:54:35.641971
All,785,tasyakamilaofficial,Tasya Kamila,https://www.tiktok.com/@tasyakamilaofficial,368500.0,3100000.0,270800.0,1200.0,966.0,2022-02-07 16:54:35.641971
All,786,vibez..07,<3,https://www.tiktok.com/@vibez..07,363800.0,1100000.0,218800.0,2400.0,5300.0,2022-02-07 16:54:35.641971
All,787,danisoomin,daniela kim,https://www.tiktok.com/@danisoomin,7600000.0,2100000.0,307400.0,1700.0,1200.0,2022-02-07 16:54:35.641971
All,788,preston,Preston,https://www.tiktok.com/@preston,8900000.0,2500000.0,190000.0,3200.0,705.0,2022-02-07 16:54:35.641971
All,790,luvanthony,Anfony ,https://www.tiktok.com/@luvanthony,10900000.0,2200000.0,402200.0,1400.0,662.0,2022-02-07 16:54:35.641971
All,791,mishayoung,–ú–∏—à–∞ –ì–æ—Ä–æ–¥–µ—Ü–∫–∏–π,https://www.tiktok.com/@mishayoung,3600000.0,2300000.0,198500.0,1700.0,2400.0,2022-02-07 16:54:35.641971
All,792,king_misr,üé®ŸÖÿ≠ŸÖÿØ ŸÅÿßÿ±ŸàŸÇ ÿßŸÑÿ±ÿ≥ÿßŸÖüé®,https://www.tiktok.com/@king_misr,1200000.0,1600000.0,156300.0,3800.0,3500.0,2022-02-07 16:54:35.641971
All,793,dasigantung,Dasi Gantung,https://www.tiktok.com/@dasigantung,4700000.0,1800000.0,386300.0,1400.0,1200.0,2022-02-07 16:54:35.641971
All,794,shehabeldin100,Shehabeldin,https://www.tiktok.com/@shehabeldin100,6200000.0,1900000.0,236100.0,1500.0,2500.0,2022-02-07 16:54:35.641971
All,796,virtualontop.mc,Virtual,https://www.tiktok.com/@virtualontop.mc,130600.0,1300000.0,232200.0,3500.0,2500.0,2022-02-07 16:54:35.641971
All,797,cassholland,Cassie Holland,https://www.tiktok.com/@cassholland,1200000.0,3200000.0,383000.0,852.0,630.0,2022-02-07 16:54:35.641971
All,799,adhityappeo,Adhitya yappeo,https://www.tiktok.com/@adhityappeo,3800000.0,2300000.0,360800.0,1600.0,620.0,2022-02-07 16:54:35.641971
All,800,300_rt,ÿπŸÑŸä ŸÜÿßŸÅÿπ,https://www.tiktok.com/@300_rt,416200.0,3300000.0,131100.0,3700.0,459.0,2022-02-07 16:54:35.641971
All,801,palmertrolls,Ben Palmer,https://www.tiktok.com/@palmertrolls,2400000.0,2300000.0,262800.0,1400.0,1600.0,2022-02-07 16:54:35.641971
All,802,revxte,Revxte,https://www.tiktok.com/@revxte,252000.0,2800000.0,195100.0,648.0,2600.0,2022-02-07 16:54:35.641971
All,803,itsniane,niane,https://www.tiktok.com/@itsniane,1600000.0,1000000.0,253800.0,2100.0,4900.0,2022-02-07 16:54:35.641971
All,805,saniur_muhamad,ÿ≥ŸÄŸÜŸäŸàÿ±,https://www.tiktok.com/@saniur_muhamad,836700.0,2300000.0,155000.0,2300.0,2700.0,2022-02-07 16:54:35.641971
All,806,unique.planet,unique.planet,https://www.tiktok.com/@unique.planet,5400000.0,1700000.0,457300.0,1300.0,961.0,2022-02-07 16:54:35.641971
All,807,jaydafnwayda,JAYDA WAYDA,https://www.tiktok.com/@jaydafnwayda,3000000.0,1700000.0,304200.0,1400.0,2100.0,2022-02-07 16:54:35.641971
All,809,indrakenz,Indra Kesuma,https://www.tiktok.com/@indrakenz,5300000.0,2700000.0,163100.0,3700.0,301.0,2022-02-07 16:54:35.641971
All,810,miadio,Mia Dio,https://www.tiktok.com/@miadio,4600000.0,1200000.0,255200.0,1400.0,4400.0,2022-02-07 16:54:35.641971
All,811,ajgreene15,AJüì∫,https://www.tiktok.com/@ajgreene15,2700000.0,2100000.0,288700.0,855.0,2100.0,2022-02-07 16:54:35.641971
All,812,leanemarts,leanemarts,https://www.tiktok.com/@leanemarts,3300000.0,1900000.0,347900.0,2100.0,549.0,2022-02-07 16:54:35.641971
All,813,jumpersjump,Jumpers Jump Podcast,https://www.tiktok.com/@jumpersjump,6000000.0,1700000.0,266800.0,1500.0,2400.0,2022-02-07 16:54:35.641971
All,816,just_dt,Dt,https://www.tiktok.com/@just_dt,8900000.0,1600000.0,187900.0,2600.0,3400.0,2022-02-07 16:54:35.641971
All,818,how.kev.eats,how.kev.eats,https://www.tiktok.com/@how.kev.eats,1400000.0,2400000.0,294200.0,1800.0,680.0,2022-02-07 16:54:35.641971
All,819,flashygman,Canon & Garrett,https://www.tiktok.com/@flashygman,775600.0,2000000.0,252700.0,1400.0,2000.0,2022-02-07 16:54:35.641971
All,821,christiantye,Christian Tye,https://www.tiktok.com/@christiantye,2700000.0,1800000.0,226300.0,1500.0,2700.0,2022-02-07 16:54:35.641971
All,825,stoveraymond,Steve Raymond,https://www.tiktok.com/@stoveraymond,1900000.0,1100000.0,393100.0,2600.0,1300.0,2022-02-07 16:54:35.641971
All,827,thestradman,TheStradman,https://www.tiktok.com/@thestradman,3000000.0,2100000.0,228000.0,2300.0,1300.0,2022-02-07 16:54:35.641971
All,828,sofie.hagen,Sofie Hagen,https://www.tiktok.com/@sofie.hagen,100300.0,1200000.0,252700.0,1900.0,3600.0,2022-02-07 16:54:35.641971
All,830,shoesswap,shoesswap,https://www.tiktok.com/@shoesswap,538300.0,2100000.0,360500.0,1300.0,908.0,2022-02-07 16:54:35.641971
All,831,omervarolresmi,zahitaga,https://www.tiktok.com/@omervarolresmi,213500.0,2000000.0,141100.0,1500.0,4400.0,2022-02-07 16:54:35.641971
All,832,giangiu88,GiaNGiu,https://www.tiktok.com/@giangiu88,2400000.0,2100000.0,231900.0,1200.0,2200.0,2022-02-07 16:54:35.641971
All,833,pietro_morello,Pietro Morello,https://www.tiktok.com/@pietro_morello,2000000.0,1800000.0,304600.0,2100.0,1000.0,2022-02-07 16:54:35.641971
All,834,shenseea,SHENYENGofficial,https://www.tiktok.com/@shenseea,2200000.0,1800000.0,286800.0,2000.0,1300.0,2022-02-07 16:54:35.641971
All,836,duvanjimenez,Duvan Jimenez,https://www.tiktok.com/@duvanjimenez,574500.0,1500000.0,153100.0,1800.0,5400.0,2022-02-07 16:54:35.641971
All,837,cardi_videos,CARDI B,https://www.tiktok.com/@cardi_videos,1800000.0,1900000.0,196100.0,955.0,3500.0,2022-02-07 16:54:35.641971
All,838,dariusdobre,Darius Dobre,https://www.tiktok.com/@dariusdobre,7000000.0,2000000.0,213200.0,3600.0,372.0,2022-02-07 16:54:35.641971
All,839,lilyxgarcia,Lily Garcia,https://www.tiktok.com/@lilyxgarcia,8199999.999999999,1700000.0,299000.0,2400.0,884.0,2022-02-07 16:54:35.641971
All,840,rodrigoomarques,Rodrigo Marques,https://www.tiktok.com/@rodrigoomarques,1200000.0,1400000.0,347100.0,982.0,2400.0,2022-02-07 16:54:35.641971
All,841,yourrkayesss,kayess,https://www.tiktok.com/@yourrkayesss,4600000.0,1400000.0,184800.0,5300.0,980.0,2022-02-07 16:54:35.641971
All,842,flickerspark_,flickerspark_,https://www.tiktok.com/@flickerspark_,909400.0,1800000.0,373300.0,790.0,1600.0,2022-02-07 16:54:35.641971
All,843,alexailacad_,Alexa Ilacad,https://www.tiktok.com/@alexailacad_,1800000.0,2400000.0,272800.0,1700.0,857.0,2022-02-07 16:54:35.641971
All,844,vietphuongthoa98,Vi·ªát Ph∆∞∆°ng Thoa,https://www.tiktok.com/@vietphuongthoa98,9500000.0,2600000.0,315700.0,1700.0,322.0,2022-02-07 16:54:35.641971
All,845,bipbrome,Lena üéè,https://www.tiktok.com/@bipbrome,4300.0,750700.0,213400.0,4300.0,5900.0,2022-02-07 16:54:35.641971
All,846,angelac0123,Angela,https://www.tiktok.com/@angelac0123,2000000.0,2900000.0,215800.0,792.0,1800.0,2022-02-07 16:54:35.641971
All,847,bussdownbusboy,Matteo,https://www.tiktok.com/@bussdownbusboy,14300.0,1600000.0,144900.0,3600.0,3400.0,2022-02-07 16:54:35.641971
All,848,westbrouck,Mattie,https://www.tiktok.com/@westbrouck,8199999.999999999,1700000.0,310200.0,2300.0,876.0,2022-02-07 16:54:35.641971
All,849,adadieee,Adie,https://www.tiktok.com/@adadieee,422500.0,886800.0,222800.0,5000.0,3200.0,2022-02-07 16:54:35.641971
All,850,huba333,HUBA ÌõÑÎ∞î,https://www.tiktok.com/@huba333,8300000.000000001,5300000.0,197800.0,821.0,720.0,2022-02-07 16:54:35.641971
All,851,thegoodliars,The Good Liars,https://www.tiktok.com/@thegoodliars,1300000.0,1900000.0,129600.0,3600.0,3200.0,2022-02-07 16:54:35.641971
All,852,outtpig,Cameron Perez,https://www.tiktok.com/@outtpig,1400000.0,1600000.0,299400.0,1700.0,1800.0,2022-02-07 16:54:35.641971
All,853,dictionarei,Reizuka Ari,https://www.tiktok.com/@dictionarei,1800000.0,1900000.0,309600.0,2300.0,453.0,2022-02-07 16:54:35.641971
All,854,poki,Pokimane,https://www.tiktok.com/@poki,6300000.0,1700000.0,148600.0,2400.0,3900.0,2022-02-07 16:54:35.641971
All,855,abrahahamflorestw,Abraham Flores,https://www.tiktok.com/@abrahahamflorestw,2300000.0,1500000.0,256800.0,1100.0,3100.0,2022-02-07 16:54:35.641971
All,857,jennypopach,Tik Toker,https://www.tiktok.com/@jennypopach,6100000.0,3300000.0,243300.0,1700.0,307.0,2022-02-07 16:54:35.641971
All,858,galandjosh,galandjosh,https://www.tiktok.com/@galandjosh,2500000.0,1200000.0,263900.0,2600.0,2600.0,2022-02-07 16:54:35.641971
All,859,anna..paull,Anna Paul,https://www.tiktok.com/@anna..paull,1800000.0,2000000.0,367700.0,1600.0,591.0,2022-02-07 16:54:35.641971
All,860,qonitcah,Qonitcah | Health Education,https://www.tiktok.com/@qonitcah,588000.0,1800000.0,203700.0,2900.0,1400.0,2022-02-07 16:54:35.641971
All,861,juanchimy,Juan Lopez,https://www.tiktok.com/@juanchimy,2500000.0,1500000.0,319300.0,2000.0,1300.0,2022-02-07 16:54:35.641971
All,862,vidi.aldiano,Vidi Aldiano,https://www.tiktok.com/@vidi.aldiano,632300.0,2900000.0,240800.0,1500.0,821.0,2022-02-07 16:54:35.641971
All,863,giathilinh,Gia Th·ªã Linh,https://www.tiktok.com/@giathilinh,1700000.0,3900000.0,173900.0,0.0,2300.0,2022-02-07 16:54:35.641971
All,864,soupytime,georgie,https://www.tiktok.com/@soupytime,5000000.0,1600000.0,335300.0,2000.0,943.0,2022-02-07 16:54:35.641971
All,866,salt_hank,Hank,https://www.tiktok.com/@salt_hank,1800000.0,2000000.0,203900.0,1300.0,2600.0,2022-02-07 16:54:35.641971
All,868,akngbutaj,gbtparah‰πÇ ùêÅùêÄùêãùêàüëë,https://www.tiktok.com/@akngbutaj,467100.0,3600000.0,211900.0,621.0,1400.0,2022-02-07 16:54:35.641971
All,869,hellmoona,üåàÔº¨ÔºµÔº£Ôº©Ôº° Ôº≠Ôº©Ôº£Ôº®Ôº•Ôº¨Ôº¨Ôº•üåà,https://www.tiktok.com/@hellmoona,423500.0,1600000.0,337500.0,1600.0,1300.0,2022-02-07 16:54:35.641971
All,870,sammijefcoate_,Sammi,https://www.tiktok.com/@sammijefcoate_,1500000.0,1600000.0,211000.0,2200.0,2400.0,2022-02-07 16:54:35.641971
All,873,yun_bao,YUN,https://www.tiktok.com/@yun_bao,6600000.0,1400000.0,251600.0,2500.0,1900.0,2022-02-07 16:54:35.641971
All,875,kiocyrrr,Kio Cyr,https://www.tiktok.com/@kiocyrrr,9100000.0,2400000.0,295100.0,1000.0,1100.0,2022-02-07 16:54:35.641971
All,876,haositofficial,HaositOfficial,https://www.tiktok.com/@haositofficial,940100.0,1200000.0,176300.0,6000.0,1200.0,2022-02-07 16:54:35.641971
All,877,songsforlittles,Ms Rachel,https://www.tiktok.com/@songsforlittles,413900.0,2100000.0,217900.0,1800.0,1500.0,2022-02-07 16:54:35.641971
All,878,annupton.art,annupton.art,https://www.tiktok.com/@annupton.art,147700.0,1600000.0,136500.0,1000.0,5900.0,2022-02-07 16:54:35.641971
All,880,ygordelano,Ygor Delano,https://www.tiktok.com/@ygordelano,168000.0,1400000.0,153900.0,2200.0,4800.0,2022-02-07 16:54:35.641971
All,881,sole.resell,Sole Resell,https://www.tiktok.com/@sole.resell,1700000.0,2200000.0,302600.0,1300.0,1000.0,2022-02-07 16:54:35.641971
All,883,jadepicon,JADE PICON üå™,https://www.tiktok.com/@jadepicon,5800000.0,2500000.0,242200.0,1500.0,949.0,2022-02-07 16:54:35.641971
All,884,deshawnharrisss,Deshawn ‚ú™,https://www.tiktok.com/@deshawnharrisss,2100000.0,1700000.0,225400.0,2800.0,1200.0,2022-02-07 16:54:35.641971
All,887,mastercorbuzier,Deddy Corbuzier,https://www.tiktok.com/@mastercorbuzier,1500000.0,2000000.0,121000.0,3300.0,2800.0,2022-02-07 16:54:35.641971
All,888,philipdefranco,Philip DeFranco,https://www.tiktok.com/@philipdefranco,656200.0,1500000.0,183200.0,3500.0,1900.0,2022-02-07 16:54:35.641971
All,889,v1ctoryuh3.0,sexy lady,https://www.tiktok.com/@v1ctoryuh3.0,1500000.0,934300.0,194800.0,2500.0,5600.0,2022-02-07 16:54:35.641971
All,890,brigancosplay,Brigan Cosplay,https://www.tiktok.com/@brigancosplay,690200.0,2400000.0,319400.0,1000.0,890.0,2022-02-07 16:54:35.641971
All,891,gavinmagnus,GavinMagnus,https://www.tiktok.com/@gavinmagnus,5000000.0,2000000.0,222000.0,2900.0,430.0,2022-02-07 16:54:35.641971
All,892,lilireinhart,Lili Reinhart,https://www.tiktok.com/@lilireinhart,4100000.0,1200000.0,235100.0,4100.0,1100.0,2022-02-07 16:54:35.641971
All,893,jakeandrich,Jakipz / Jake Andrich,https://www.tiktok.com/@jakeandrich,9800000.0,2000000.0,151000.0,2300.0,2600.0,2022-02-07 16:54:35.641971
All,895,graysworld,Gray,https://www.tiktok.com/@graysworld,4300000.0,1600000.0,218200.0,1300.0,2900.0,2022-02-07 16:54:35.641971
All,896,tyt_pp,–û–ª—èüë©üèª‚Äçüç≥,https://www.tiktok.com/@tyt_pp,686700.0,1300000.0,168200.0,671.0,6100.0,2022-02-07 16:54:35.641971
All,897,vohr,Vohr,https://www.tiktok.com/@vohr,5200000.0,1500000.0,212500.0,2400.0,2400.0,2022-02-07 16:54:35.641971
All,898,jauncydev,jonny devaney,https://www.tiktok.com/@jauncydev,1200000.0,1100000.0,188800.0,1200.0,5800.0,2022-02-07 16:54:35.641971
All,899,rebecalemoss,Becca,https://www.tiktok.com/@rebecalemoss,1900000.0,1300000.0,248000.0,4100.0,616.0,2022-02-07 16:54:35.641971
All,901,cciinnn,CiiN,https://www.tiktok.com/@cciinnn,4500000.0,2400000.0,291200.0,1600.0,539.0,2022-02-07 16:54:35.641971
All,902,b_6x,ÿ™ŸÑÿßŸáŸäÿ™ || üá∏üá¶Yaser .,https://www.tiktok.com/@b_6x,685200.0,2200000.0,115800.0,3300.0,2500.0,2022-02-07 16:54:35.641971
All,903,juliano,julianofloss,https://www.tiktok.com/@juliano,6000000.0,1700000.0,231600.0,3100.0,605.0,2022-02-07 16:54:35.641971
All,905,daleyzabeauty,Daleyzaa_beautyy,https://www.tiktok.com/@daleyzabeauty,1900000.0,3100000.0,86700.0,144.0,5200.0,2022-02-07 16:54:35.641971
All,906,carew_ellington,Carew Ellington,https://www.tiktok.com/@carew_ellington,5900000.0,1800000.0,306900.0,2000.0,572.0,2022-02-07 16:54:35.641971
All,907,paupelaez_, ú·¥Ä…¥·¥á·¥ç…™ è·¥Ä,https://www.tiktok.com/@paupelaez_,3900000.0,1400000.0,262600.0,3200.0,835.0,2022-02-07 16:54:35.641971
All,908,moldogaa,moldoga,https://www.tiktok.com/@moldogaa,558500.0,1400000.0,170700.0,4300.0,1700.0,2022-02-07 16:54:35.641971
All,909,mr.sexyguy,Evan Palmblad,https://www.tiktok.com/@mr.sexyguy,3300000.0,1100000.0,216100.0,3200.0,2800.0,2022-02-07 16:54:35.641971
All,910,wayeelkaboy10,Wayeelka boy10,https://www.tiktok.com/@wayeelkaboy10,465300.0,1600000.0,188600.0,2600.0,2300.0,2022-02-07 16:54:35.641971
All,911,dersiimx,Dersim üëÖ,https://www.tiktok.com/@dersiimx,2100000.0,1000000.0,231500.0,4600.0,1500.0,2022-02-07 16:54:35.641971
All,912,natalyaericka,Natalya Ericka,https://www.tiktok.com/@natalyaericka,592900.0,990800.0,219100.0,2900.0,3700.0,2022-02-07 16:54:35.641971
All,913,mikhail_litvin,mikhail_litvin,https://www.tiktok.com/@mikhail_litvin,8000000.0,3500000.0,302400.0,985.0,364.0,2022-02-07 16:54:35.641971
All,915,waleedalassal,ŸàŸÑŸäÿØÿßŸÑÿπÿ≥ŸÑ,https://www.tiktok.com/@waleedalassal,135400.0,4600000.0,106400.0,227.0,2700.0,2022-02-07 16:54:35.641971
All,916,yacine_kentache,Yacine kentache,https://www.tiktok.com/@yacine_kentache,631500.0,1600000.0,96200.0,6600.0,2900.0,2022-02-07 16:54:35.641971
All,918,thaotaotau,Ph∆∞∆°ng Th·∫£o,https://www.tiktok.com/@thaotaotau,4900000.0,2600000.0,322800.0,1300.0,321.0,2022-02-07 16:54:35.641971
All,919,linatejeiro8,Lina Tejeiro,https://www.tiktok.com/@linatejeiro8,3800000.0,2400000.0,178500.0,710.0,2600.0,2022-02-07 16:54:35.641971
All,920,ariwibxwx,Ari.Wibxwx,https://www.tiktok.com/@ariwibxwx,1400000.0,2100000.0,237500.0,1700.0,1100.0,2022-02-07 16:54:35.641971
All,921,lea_navvab,üíõLEANAVVABÎû¥Î∞•üíõ,https://www.tiktok.com/@lea_navvab,2200000.0,1200000.0,282200.0,3200.0,929.0,2022-02-07 16:54:35.641971
All,922,kittygod_cn,KittyGod,https://www.tiktok.com/@kittygod_cn,5200000.0,2500000.0,148300.0,864.0,3000.0,2022-02-07 16:54:35.641971
All,923,morganpresleyxo,Presley,https://www.tiktok.com/@morganpresleyxo,5000000.0,1300000.0,219400.0,1600.0,3300.0,2022-02-07 16:54:35.641971
All,924,xlilsoup,Soup,https://www.tiktok.com/@xlilsoup,1700000.0,2000000.0,299300.0,2100.0,274.0,2022-02-07 16:54:35.641971
All,928,imanthonyvargas,Anthony Vargas,https://www.tiktok.com/@imanthonyvargas,6400000.0,2000000.0,321400.0,1100.0,1100.0,2022-02-07 16:54:35.641971
All,930,sjbleau,SJ,https://www.tiktok.com/@sjbleau,11700000.0,2600000.0,302000.0,1100.0,615.0,2022-02-07 16:54:35.641971
All,931,caioceu,Caio C√©u,https://www.tiktok.com/@caioceu,5900000.0,1800000.0,172800.0,4000.0,493.0,2022-02-07 16:54:35.641971
All,932,amberromeike,amber,https://www.tiktok.com/@amberromeike,2700000.0,2400000.0,296500.0,959.0,972.0,2022-02-07 16:54:35.641971
All,933,leozinn.077,Leozinn,https://www.tiktok.com/@leozinn.077,4400000.0,2500000.0,234900.0,1400.0,988.0,2022-02-07 16:54:35.641971
All,934,namyulenka,Namy,https://www.tiktok.com/@namyulenka,5700000.0,1700000.0,335100.0,1600.0,847.0,2022-02-07 16:54:35.641971
All,935,pr4nce,gabriel prince,https://www.tiktok.com/@pr4nce,1800000.0,1100000.0,226600.0,3000.0,2500.0,2022-02-07 16:54:35.641971
All,937,slickbartender,SlickBartender,https://www.tiktok.com/@slickbartender,9500000.0,4900000.0,188500.0,1200.0,313.0,2022-02-07 16:54:35.641971
All,939,cristorata7,Cristorata,https://www.tiktok.com/@cristorata7,991900.0,1800000.0,218100.0,1400.0,2100.0,2022-02-07 16:54:35.641971
All,940,ruroc,Ruroc Helmets,https://www.tiktok.com/@ruroc,1100000.0,2100000.0,218200.0,628.0,2300.0,2022-02-07 16:54:35.641971
All,941,rayanfahmi,Rayoon,https://www.tiktok.com/@rayanfahmi,3100000.0,2800000.0,231700.0,870.0,1200.0,2022-02-07 16:54:35.641971
All,944,aichangemoy_,YT : AiChan TV,https://www.tiktok.com/@aichangemoy_,5900000.0,1600000.0,232900.0,2900.0,686.0,2022-02-07 16:54:35.641971
All,945,carolinarinconf,carolina,https://www.tiktok.com/@carolinarinconf,3800000.0,2100000.0,214100.0,1600.0,1400.0,2022-02-07 16:54:35.641971
All,946,taetoowavy,Alantae Nicholas,https://www.tiktok.com/@taetoowavy,6800000.0,1100000.0,203100.0,4500.0,1600.0,2022-02-07 16:54:35.641971
All,947,corvii_ff,EL CORVII üç≠,https://www.tiktok.com/@corvii_ff,10300000.0,1600000.0,259400.0,2900.0,307.0,2022-02-07 16:54:35.641971
All,948,nilskue,Nils Kuesel,https://www.tiktok.com/@nilskue,7000000.0,1100000.0,249000.0,3600.0,1300.0,2022-02-07 16:54:35.641971
All,949,jidion,JiDion,https://www.tiktok.com/@jidion,2900000.0,1400000.0,219700.0,3500.0,842.0,2022-02-07 16:54:35.641971
All,950,erictro,Eric Tro,https://www.tiktok.com/@erictro,1300000.0,2700000.0,276800.0,655.0,1100.0,2022-02-07 16:54:35.641971
All,951,the.drone.guy,üëëKing of the skyüëë,https://www.tiktok.com/@the.drone.guy,1300000.0,2500000.0,273000.0,1500.0,399.0,2022-02-07 16:54:35.641971
All,952,isareche,Isabella,https://www.tiktok.com/@isareche,187900.0,2000000.0,311300.0,984.0,1100.0,2022-02-07 16:54:35.641971
All,953,freeritzyralph,Ritzyralph,https://www.tiktok.com/@freeritzyralph,850700.0,1200000.0,221100.0,2000.0,3000.0,2022-02-07 16:54:35.641971
All,954,tsezy,Tommy,https://www.tiktok.com/@tsezy,4800000.0,2000000.0,253500.0,1900.0,735.0,2022-02-07 16:54:35.641971
All,955,madsteaparty,mad tsai,https://www.tiktok.com/@madsteaparty,2800000.0,1100000.0,210200.0,4700.0,1200.0,2022-02-07 16:54:35.641971
All,956,kotachumu,„Åì„Åü„Å§@„Éï„Ç©„Éº„Ç®„Ç§„Éà,https://www.tiktok.com/@kotachumu,3400000.0,2200000.0,109300.0,3100.0,2400.0,2022-02-07 16:54:35.641971
All,957,venao2323,YANFRY EL TIERNOüôà,https://www.tiktok.com/@venao2323,3700000.0,2300000.0,173300.0,1100.0,2100.0,2022-02-07 16:54:35.641971
All,958,sebastiancomedy,sebastiancomedy,https://www.tiktok.com/@sebastiancomedy,442800.0,1400000.0,137100.0,570.0,6200.0,2022-02-07 16:54:35.641971
All,959,storyfilmz,ùïæùñôùñîùñóùñûùñãùñéùñëùñíùñü,https://www.tiktok.com/@storyfilmz,75200.0,1300000.0,242800.0,1200.0,3000.0,2022-02-07 16:54:35.641971
All,960,itstalasafwan,ÿ™ÿßŸÑÿß ÿµŸÅŸàÿßŸÜ | Tala Safwanüåµüë∏üèΩ,https://www.tiktok.com/@itstalasafwan,3500000.0,1900000.0,140300.0,4500.0,360.0,2022-02-07 16:54:35.641971
All,961,theacefamily,Theacefamily,https://www.tiktok.com/@theacefamily,6100000.0,2500000.0,290900.0,0.0,1800.0,2022-02-07 16:54:35.641971
All,962,brotherofcolor,Heyimparis,https://www.tiktok.com/@brotherofcolor,10300000.0,2000000.0,216900.0,2400.0,720.0,2022-02-07 16:54:35.641971
All,963,ysahcabrejas_,YSAH,https://www.tiktok.com/@ysahcabrejas_,1000000.0,4100000.0,174800.0,1400.0,381.0,2022-02-07 16:54:35.641971
All,964,tasiaalexis,Tasia Alexis,https://www.tiktok.com/@tasiaalexis,3400000.0,1900000.0,301700.0,1000.0,1200.0,2022-02-07 16:54:35.641971
All,965,yskaela,Yaena Yskaela Fujimoto,https://www.tiktok.com/@yskaela,9100000.0,2100000.0,290700.0,935.0,1200.0,2022-02-07 16:54:35.641971
All,966,ifdhalr.a,ifdhalr.a,https://www.tiktok.com/@ifdhalr.a,10300000.0,2900000.0,295900.0,1200.0,347.0,2022-02-07 16:54:35.641971
All,967,ramonvitor,ramonvitor,https://www.tiktok.com/@ramonvitor,1100000.0,1400000.0,291700.0,1100.0,2000.0,2022-02-07 16:54:35.641971
All,968,thelondoncharles,London Charles,https://www.tiktok.com/@thelondoncharles,5300000.0,1400000.0,293400.0,2000.0,1200.0,2022-02-07 16:54:35.641971
All,969,abdullah_eltourky,Eltourky üëë,https://www.tiktok.com/@abdullah_eltourky,6300000.0,1900000.0,231400.0,1300.0,1600.0,2022-02-07 16:54:35.641971
All,971,maminena0,Mami Nena,https://www.tiktok.com/@maminena0,3300000.0,1300000.0,211600.0,4000.0,842.0,2022-02-07 16:54:35.641971
All,973,pizza_kjj,Pizza,https://www.tiktok.com/@pizza_kjj,978600.0,1600000.0,144500.0,1700.0,4000.0,2022-02-07 16:54:35.641971
All,974,vlad.hoshin,HOSHIN,https://www.tiktok.com/@vlad.hoshin,9900000.0,1000000.0,201800.0,5000.0,1300.0,2022-02-07 16:54:35.641971
All,975,dannygrubs,Danny Kim,https://www.tiktok.com/@dannygrubs,2400000.0,2300000.0,210800.0,1100.0,1600.0,2022-02-07 16:54:35.641971
All,977,laserluca,laserluca,https://www.tiktok.com/@laserluca,3000000.0,1500000.0,223000.0,2200.0,1600.0,2022-02-07 16:54:35.641971
All,978,austinandlexi,‚ö°Ô∏èAustin & Lexi üí•,https://www.tiktok.com/@austinandlexi,2800000.0,1600000.0,228500.0,1300.0,2200.0,2022-02-07 16:54:35.641971
All,979,undos,zach,https://www.tiktok.com/@undos,5900000.0,1000000.0,268900.0,3600.0,1100.0,2022-02-07 16:54:35.641971
All,982,emirelidemir0,Emir Elidemir,https://www.tiktok.com/@emirelidemir0,874200.0,2500000.0,114700.0,645.0,3800.0,2022-02-07 16:54:35.641971
All,983,duncanyounot,Duncan Joseph,https://www.tiktok.com/@duncanyounot,4200000.0,1400000.0,360300.0,1700.0,763.0,2022-02-07 16:54:35.641971
All,984,jennifer_aplicano,Jennifer Apl√≠cano,https://www.tiktok.com/@jennifer_aplicano,747200.0,1600000.0,146800.0,3000.0,2300.0,2022-02-07 16:54:35.641971
All,985,minhnghia13522,‚ú®Min Minn‚ú®,https://www.tiktok.com/@minhnghia13522,2400000.0,2200000.0,264400.0,1900.0,289.0,2022-02-07 16:54:35.641971
All,986,lil_stace,Lil Stace,https://www.tiktok.com/@lil_stace,5200000.0,2100000.0,242000.0,1000.0,1400.0,2022-02-07 16:54:35.641971
All,987,nicoletv,Kayla Nicole,https://www.tiktok.com/@nicoletv,9900000.0,2000000.0,399900.0,983.0,583.0,2022-02-07 16:54:35.641971
All,990,johaanzu,JohaanZu,https://www.tiktok.com/@johaanzu,3400000.0,1700000.0,316800.0,1700.0,661.0,2022-02-07 16:54:35.641971
All,991,lifeofharrison,Harrison,https://www.tiktok.com/@lifeofharrison,2700000.0,1400000.0,489200.0,1100.0,731.0,2022-02-07 16:54:35.641971
All,992,joerauth_,Joe rauth,https://www.tiktok.com/@joerauth_,4400000.0,1700000.0,251000.0,1100.0,1900.0,2022-02-07 16:54:35.641971
All,993,charlizeruth,charuth,https://www.tiktok.com/@charlizeruth,1900000.0,1900000.0,250900.0,1400.0,1200.0,2022-02-07 16:54:35.641971
All,994,dilanjaniyar_2,Emang Dilan namanya,https://www.tiktok.com/@dilanjaniyar_2,2000000.0,2100000.0,248700.0,2000.0,357.0,2022-02-07 16:54:35.641971
All,995,itssissysheridan,sissy sheridan!,https://www.tiktok.com/@itssissysheridan,6300000.0,1800000.0,320100.0,841.0,1300.0,2022-02-07 16:54:35.641971
All,996,leleburnier,LEL√ä BURNIER,https://www.tiktok.com/@leleburnier,1100000.0,1200000.0,284300.0,2800.0,968.0,2022-02-07 16:54:35.641971
All,997,sofiadelmonstro,Cat Sofia,https://www.tiktok.com/@sofiadelmonstro,5200000.0,2600000.0,161200.0,1300.0,1600.0,2022-02-07 16:54:35.641971
All,998,jena,Jena,https://www.tiktok.com/@jena,10500000.0,2800000.0,320300.0,856.0,512.0,2022-02-07 16:54:35.641971
All,999,christiandaloii_,Christiandaloii_,https://www.tiktok.com/@christiandaloii_,2700000.0,1100000.0,188600.0,3000.0,2900.0,2022-02-07 16:54:35.641971
